aX,aY,aZ,gX,gY,gZ
0.506,0.271,2.086,-57.556,43.945,-61.462
0.549,0.353,2.343,-39.185,39.307,-72.144
0.525,0.390,2.376,-18.433,18.494,-81.726
0.533,0.482,2.360,-11.658,0.183,-86.304
0.462,0.559,2.274,-19.775,-14.221,-85.754
0.376,0.636,2.164,-30.518,-26.794,-83.618
0.235,0.641,1.952,-29.236,-43.396,-80.627
0.098,0.629,1.736,-27.222,-50.110,-79.956
-0.027,0.617,1.590,-26.794,-45.410,-80.627
-0.129,0.618,1.522,-23.132,-35.400,-81.787
-0.177,0.632,1.527,-15.503,-25.024,-84.778
-0.198,0.620,1.562,-2.319,-18.066,-88.562
-0.181,0.594,1.579,12.329,-15.381,-91.797
-0.162,0.593,1.590,24.719,-14.343,-95.520
-0.162,0.604,1.584,36.560,-13.855,-99.487
-0.190,0.648,1.572,48.340,-15.076,-102.417
-0.225,0.676,1.544,57.739,-18.616,-102.173
-0.263,0.692,1.491,61.951,-24.597,-98.755
-0.294,0.694,1.406,61.279,-31.311,-93.018
-0.345,0.703,1.305,58.533,-37.537,-85.205
-0.377,0.720,1.204,55.359,-41.809,-76.355
-0.385,0.699,1.130,54.199,-42.969,-65.918
-0.379,0.634,1.097,52.917,-42.236,-55.359
-0.366,0.528,1.043,50.110,-41.931,-46.265
-0.346,0.490,1.030,40.955,-39.612,-39.734
-0.368,0.435,0.962,40.283,-44.983,-36.377
-0.387,0.395,0.829,48.096,-52.551,-34.302
-0.419,0.368,0.700,53.955,-54.810,-32.715
-0.451,0.347,0.598,57.861,-53.101,-30.640
-0.462,0.346,0.507,60.913,-50.232,-28.503
-0.467,0.352,0.442,62.439,-45.044,-25.330
-0.440,0.341,0.443,61.340,-35.217,-19.592
-0.393,0.308,0.513,59.143,-24.353,-13.428
-0.338,0.251,0.579,57.861,-18.982,-8.118
-0.276,0.167,0.611,54.749,-18.127,-3.723
-0.251,0.161,0.620,49.133,-20.630,-1.587
-0.230,0.152,0.619,45.349,-24.292,0.549
-0.206,0.155,0.609,39.917,-28.748,3.540
-0.202,0.146,0.580,32.349,-33.691,8.667
-0.194,0.129,0.531,22.522,-36.682,13.855
-0.183,0.113,0.496,13.367,-36.194,18.860
-0.162,0.100,0.498,5.859,-31.555,21.667
-0.131,0.095,0.520,-0.854,-22.522,23.499
-0.118,0.107,0.605,-6.287,-11.963,23.315
-0.097,0.080,0.646,-0.977,-9.338,19.897
-0.067,0.073,0.677,4.333,-6.958,16.296
-0.063,0.078,0.730,4.395,-4.517,12.634
-0.064,0.083,0.746,3.845,-4.456,9.460
-0.071,0.107,0.730,2.991,-6.104,7.446
-0.076,0.146,0.714,0.732,-6.714,6.653
-0.075,0.176,0.709,-1.526,-5.432,7.263
-0.067,0.195,0.720,-4.089,-2.808,9.155
-0.049,0.185,0.734,-4.883,1.587,11.353
-0.032,0.179,0.788,-5.920,7.751,12.695
-0.014,0.155,0.834,-3.479,10.437,11.536
0.006,0.143,0.898,0.549,12.878,9.827
0.018,0.128,0.968,3.296,13.855,7.568
0.026,0.111,1.006,4.517,11.230,5.432
0.023,0.116,1.012,3.601,6.042,3.479
0.005,0.140,0.980,0.671,-0.122,2.380
-0.014,0.163,0.926,-2.747,-3.906,2.563
-0.028,0.161,0.885,-4.639,-4.150,3.357
-0.025,0.157,0.871,-5.554,-1.465,3.662
-0.019,0.144,0.896,-5.310,3.479,3.235
0.002,0.135,0.966,-3.174,8.484,2.197
0.003,0.120,1.004,-0.977,10.376,0.977
0.006,0.128,1.064,-0.366,9.583,-0.183
-0.000,0.133,1.079,-0.610,5.493,-0.427
-0.012,0.137,1.097,-2.991,1.038,-0.061
-0.031,0.149,1.086,-6.470,-4.578,0.488
-0.042,0.173,1.039,-8.240,-10.864,1.648
-0.058,0.190,0.987,-9.949,-15.076,3.174
-0.065,0.201,0.935,-12.695,-16.296,5.066
-0.064,0.203,0.908,-14.526,-13.977,6.470
-0.054,0.184,0.923,-13.489,-8.728,6.287
-0.037,0.161,0.953,-9.521,-3.479,4.272
-0.024,0.152,0.991,-4.150,0.977,0.732
-0.022,0.172,1.038,1.587,4.578,-3.113
-0.022,0.196,1.074,6.104,5.432,-6.104
-0.031,0.220,1.079,6.409,2.869,-7.080
-0.043,0.243,1.075,4.578,-0.549,-5.920
-0.051,0.238,1.062,2.197,-3.418,-3.235
-0.055,0.220,1.022,-0.671,-6.653,-0.549
-0.061,0.200,0.980,-2.258,-8.850,1.587
-0.064,0.182,0.950,-2.563,-8.728,2.441
-0.064,0.166,0.943,-2.441,-6.165,2.319
-0.060,0.151,0.953,-1.831,-3.357,1.038
-0.049,0.141,0.969,0.671,-0.427,-0.732
-0.043,0.144,0.989,4.395,2.075,-3.235
-0.041,0.161,1.014,7.812,4.395,-6.470
-0.041,0.183,1.032,10.803,5.188,-8.972
-0.043,0.202,1.048,11.780,3.906,-10.193
-0.049,0.218,1.047,10.193,1.038,-9.399
-0.059,0.223,1.019,7.446,-2.808,-7.263
-0.072,0.213,0.983,4.761,-6.104,-4.517
-0.088,0.197,0.942,2.441,-8.240,-2.258
-0.100,0.176,0.911,1.465,-7.812,-1.038
-0.104,0.163,0.901,1.404,-5.249,-1.160
-0.102,0.159,0.916,3.113,-1.343,-2.136
-0.085,0.147,0.942,5.859,3.418,-3.357
-0.069,0.139,0.970,8.850,7.446,-5.493
-0.055,0.149,1.000,12.634,10.254,-8.911
-0.048,0.164,1.030,16.357,11.414,-11.780
-0.048,0.192,1.039,17.944,10.132,-13.245
-0.056,0.210,1.042,17.212,6.653,-12.390
-0.067,0.221,1.036,13.062,2.136,-9.460
-0.082,0.212,1.008,7.507,-2.991,-5.005
-0.100,0.184,0.955,2.014,-7.751,-0.793
-0.111,0.161,0.896,-1.770,-9.949,2.014
-0.110,0.138,0.870,-2.502,-7.874,2.808
-0.105,0.125,0.874,-1.526,-4.211,2.075
-0.097,0.124,0.884,1.221,-0.549,0.427
-0.083,0.132,0.903,5.310,3.418,-1.892
-0.072,0.151,0.936,8.545,6.592,-4.028
-0.067,0.175,0.973,10.498,7.935,-5.493
-0.066,0.192,1.002,10.986,6.836,-4.944
-0.069,0.191,1.007,9.033,3.479,-2.930
-0.081,0.180,0.994,4.883,-1.099,-0.305
-0.091,0.161,0.956,0.122,-4.822,2.258

0.600,0.341,1.407,-91.492,5.798,-12.146
0.571,0.287,1.505,-106.140,13.306,-12.207
0.551,0.212,1.617,-110.046,21.545,-19.531
0.598,0.200,1.736,-98.389,25.391,-34.058
0.635,0.216,1.942,-77.637,30.334,-54.993
0.653,0.287,2.103,-54.932,28.870,-74.951
0.599,0.434,2.161,-36.377,19.043,-90.149
0.496,0.508,2.173,-21.057,7.202,-98.450
0.399,0.527,2.194,-13.184,-2.136,-97.412
0.290,0.473,2.236,-15.381,-10.071,-91.553
0.220,0.427,2.261,-22.095,-19.287,-88.440
0.159,0.422,2.226,-30.396,-32.288,-89.294
0.095,0.450,2.100,-30.945,-48.706,-90.454
0.019,0.483,1.959,-25.452,-60.730,-92.896
-0.061,0.518,1.830,-18.677,-64.514,-94.604
-0.173,0.558,1.725,-9.888,-63.965,-97.351
-0.265,0.601,1.605,5.554,-63.721,-102.539
-0.349,0.643,1.500,25.269,-62.561,-106.384
-0.421,0.683,1.395,41.504,-60.791,-108.215
-0.485,0.705,1.281,50.659,-57.983,-105.835
-0.532,0.722,1.185,53.284,-54.932,-99.365
-0.568,0.704,1.117,53.711,-51.758,-90.820
-0.585,0.654,1.024,54.810,-50.598,-81.421
-0.586,0.597,0.948,55.359,-50.415,-72.754
-0.579,0.520,0.895,56.335,-48.706,-65.857
-0.568,0.413,0.823,58.838,-48.035,-61.462
-0.550,0.364,0.716,59.814,-44.617,-60.364
-0.561,0.343,0.641,65.613,-39.917,-62.866
-0.565,0.330,0.527,81.970,-40.466,-66.040
-0.575,0.375,0.411,92.712,-38.147,-66.345
-0.610,0.427,0.320,94.482,-32.715,-61.401
-0.620,0.437,0.244,91.980,-27.649,-50.842
-0.602,0.415,0.216,82.520,-21.484,-36.926
-0.561,0.369,0.220,65.430,-15.564,-22.156
-0.500,0.306,0.271,48.096,-8.850,-9.338
-0.432,0.184,0.330,36.865,-2.808,-0.854
-0.359,0.136,0.376,30.212,1.770,2.747
-0.307,0.070,0.437,29.236,6.287,3.479
-0.257,0.062,0.517,29.419,9.155,0.732
-0.224,0.067,0.546,33.325,9.399,-2.441
-0.195,0.109,0.582,31.372,12.634,-3.906
-0.178,0.148,0.623,24.719,15.320,-2.930
-0.147,0.186,0.662,17.700,16.541,0.000
-0.120,0.203,0.704,12.085,16.785,4.578
-0.085,0.187,0.741,5.615,16.296,9.827
-0.039,0.162,0.770,-1.160,15.747,13.916
0.002,0.136,0.817,-5.432,16.113,15.442
0.044,0.107,0.888,-7.385,17.761,14.282
0.084,0.089,0.986,-7.263,18.677,11.353
0.106,0.085,1.088,-5.127,17.029,7.080
0.110,0.087,1.143,-0.549,11.597,2.136
0.097,0.123,1.130,3.906,2.808,-1.526
0.070,0.187,1.095,3.662,-6.226,-2.502
0.036,0.233,1.049,-0.122,-14.526,-0.305
0.006,0.248,0.977,-5.920,-21.545,4.578
-0.020,0.251,0.907,-11.230,-25.330,10.315
-0.032,0.223,0.856,-15.198,-24.658,14.893
-0.037,0.179,0.829,-17.700,-21.179,17.761
-0.025,0.122,0.818,-19.165,-14.038,17.944
-0.014,0.143,0.909,-22.400,-2.869,14.832
-0.020,0.148,0.978,-13.184,0.366,8.362
-0.004,0.166,0.998,-0.122,0.977,2.563
-0.008,0.210,1.040,3.296,2.869,-0.977
-0.011,0.243,1.077,4.272,2.808,-2.319
-0.010,0.268,1.070,4.761,-0.549,-1.282
-0.027,0.273,1.037,1.404,-4.333,2.136
-0.035,0.249,1.000,-3.418,-7.324,7.080
-0.038,0.204,0.964,-7.385,-8.667,11.230
-0.038,0.169,0.946,-8.850,-7.751,12.939
-0.030,0.140,0.944,-7.507,-5.188,12.695
-0.023,0.119,0.954,-5.127,-2.197,10.742
-0.011,0.124,0.972,-2.319,0.732,7.080
-0.001,0.139,1.002,1.770,3.723,3.113
0.005,0.163,1.035,5.737,5.493,0.183
0.010,0.185,1.057,7.080,5.005,-1.404
0.010,0.201,1.059,5.798,2.686,-1.648
0.001,0.208,1.036,3.662,-0.427,-0.610
-0.011,0.205,1.000,1.160,-3.296,0.732
-0.033,0.196,0.953,-1.099,-4.822,2.380
-0.031,0.180,0.936,-2.563,-4.333,3.296
-0.044,0.166,0.935,-2.625,-2.319,3.296
-0.048,0.159,0.920,-1.953,-1.099,2.319
-0.043,0.160,0.924,-1.221,0.854,1.160
-0.035,0.171,0.948,0.366,3.479,-0.061
-0.025,0.187,0.975,3.296,5.432,-1.282
-0.018,0.203,1.003,5.188,6.104,-2.197
-0.014,0.216,1.024,5.310,5.066,-1.953
-0.012,0.226,1.027,4.639,2.502,-1.160
-0.020,0.224,1.012,3.296,-0.793,0.122
-0.037,0.213,0.990,1.160,-3.357,1.831
-0.050,0.201,0.964,-0.244,-4.700,3.479
-0.058,0.184,0.938,-0.427,-5.249,4.333
-0.064,0.165,0.925,-0.977,-4.822,4.395
-0.066,0.151,0.908,-0.916,-4.089,3.723
-0.063,0.151,0.890,0.488,-2.930,2.380
-0.057,0.160,0.895,2.380,-0.549,0.610
-0.046,0.174,0.928,4.395,2.686,-0.977
-0.030,0.188,0.976,6.165,4.578,-1.953
-0.020,0.193,1.009,5.920,3.906,-1.892
-0.018,0.195,1.013,3.906,1.160,-0.977
-0.027,0.192,1.003,1.282,-2.014,0.244
-0.037,0.177,0.981,-0.793,-4.333,1.526
-0.042,0.160,0.949,-1.648,-5.371,2.625
-0.048,0.146,0.929,-2.319,-5.066,2.686
-0.049,0.136,0.923,-2.930,-4.028,2.319
-0.048,0.131,0.921,-2.319,-2.686,1.221
-0.045,0.139,0.922,-0.916,-1.343,-0.061
-0.041,0.150,0.939,0.366,0.244,-1.343
-0.036,0.167,0.969,1.587,1.709,-2.197
-0.034,0.188,0.996,1.892,1.953,-2.686
-0.035,0.205,1.006,1.160,0.732,-2.258
-0.037,0.216,1.002,-0.305,-1.221,-1.099
-0.043,0.212,1.000,-2.197,-2.686,0.305
-0.048,0.206,0.987,-2.869,-3.418,1.404
-0.052,0.195,0.963,-2.808,-4.211,2.197
-0.058,0.191,0.948,-2.258,-4.028,2.563
-0.060,0.187,0.933,-1.953,-3.113,2.319
-0.055,0.190,0.920,-1.465,-1.892,1.831
-0.051,0.198,0.930,-0.854,-0.061,0.977

0.779,0.712,1.708,-56.824,57.678,-34.485
0.707,0.734,1.908,-36.438,52.246,-36.133
0.637,0.606,2.110,-33.936,48.340,-30.457
0.515,0.413,2.280,-52.917,42.664,-21.423
0.440,0.279,2.365,-85.693,31.982,-14.038
0.392,0.235,2.312,-108.826,11.963,-14.221
0.415,0.249,2.253,-115.601,-3.601,-17.090
0.405,0.354,2.078,-120.667,-11.414,-24.109
0.370,0.412,1.787,-109.436,-18.005,-29.663
0.325,0.473,1.950,-96.436,-7.019,-38.940
0.264,0.564,1.979,-69.214,-19.897,-52.856
0.232,0.643,1.824,-31.067,-38.818,-63.904
0.132,0.624,1.679,-6.836,-45.898,-68.909
0.003,0.572,1.614,-0.244,-46.265,-68.604
-0.121,0.518,1.581,0.793,-43.335,-67.200
-0.192,0.454,1.546,2.197,-39.612,-68.237
-0.227,0.377,1.483,6.104,-37.659,-69.153
-0.231,0.342,1.440,9.277,-33.630,-73.120
-0.227,0.337,1.430,14.587,-28.625,-79.773
-0.214,0.344,1.409,22.644,-24.719,-86.609
-0.203,0.351,1.379,32.104,-22.705,-92.346
-0.213,0.377,1.353,42.114,-22.461,-96.375
-0.237,0.429,1.350,51.392,-24.841,-97.778
-0.278,0.494,1.299,56.580,-31.128,-95.886
-0.335,0.546,1.228,57.556,-38.940,-90.332
-0.384,0.569,1.132,54.565,-47.363,-81.299
-0.423,0.571,1.008,46.936,-55.786,-70.313
-0.463,0.545,0.891,35.461,-61.279,-57.800
-0.480,0.502,0.788,23.621,-63.354,-47.913
-0.488,0.424,0.665,15.869,-62.317,-40.833
-0.494,0.374,0.565,10.681,-55.969,-38.086
-0.483,0.352,0.522,11.230,-44.739,-38.818
-0.475,0.345,0.502,20.569,-34.851,-41.992
-0.443,0.368,0.533,36.011,-26.550,-46.204
-0.416,0.367,0.603,50.964,-17.456,-49.011
-0.390,0.379,0.669,59.204,-12.817,-48.157
-0.372,0.415,0.697,57.190,-14.832,-43.579
-0.367,0.454,0.686,48.157,-21.851,-35.034
-0.374,0.458,0.646,35.706,-29.602,-24.536
-0.371,0.422,0.561,23.743,-36.194,-12.756
-0.354,0.348,0.487,13.367,-39.063,-2.441
-0.333,0.315,0.447,3.601,-37.170,5.005
-0.304,0.254,0.446,-2.991,-32.532,11.353
-0.262,0.200,0.477,-5.310,-25.879,13.794
-0.222,0.158,0.554,-4.028,-17.883,12.695
-0.187,0.140,0.641,-0.732,-11.230,8.362
-0.176,0.159,0.693,3.540,-7.996,2.563
-0.178,0.201,0.717,7.751,-6.592,-2.441
-0.184,0.265,0.746,10.559,-5.859,-5.676
-0.187,0.296,0.770,9.583,-6.348,-5.188
-0.184,0.313,0.754,3.967,-9.155,-1.465
-0.183,0.319,0.711,-3.235,-11.475,3.906
-0.178,0.303,0.681,-7.690,-10.376,9.583
-0.152,0.270,0.694,-9.888,-5.249,13.367
-0.117,0.233,0.748,-11.169,1.465,14.709
-0.083,0.195,0.815,-10.498,7.996,13.550
-0.058,0.184,0.881,-9.521,12.390,10.193
-0.047,0.190,0.952,-7.324,15.076,5.798
-0.031,0.220,0.990,-3.845,15.503,1.526
-0.029,0.270,1.047,-1.953,14.343,-0.977
-0.027,0.310,1.080,0.122,11.047,-1.160
-0.031,0.316,1.053,0.610,4.822,0.793
-0.028,0.322,1.008,-3.296,-0.183,4.089
-0.029,0.317,0.988,-6.836,-2.075,7.385
-0.025,0.302,1.005,-9.399,-1.160,9.094
-0.023,0.283,1.033,-9.399,0.427,9.155
-0.025,0.274,1.047,-7.629,0.732,7.935
-0.028,0.271,1.056,-5.432,0.671,5.615
-0.035,0.279,1.059,-2.991,0.366,3.113
-0.043,0.305,1.061,-0.916,-0.305,0.977
-0.052,0.330,1.070,1.282,-1.404,0.061
-0.059,0.342,1.063,1.648,-3.235,0.549
-0.064,0.333,1.048,0.977,-5.676,2.258
-0.069,0.318,1.014,-0.061,-8.240,4.272
-0.080,0.308,0.974,-1.343,-9.705,5.493
-0.085,0.294,0.946,-1.526,-8.545,6.104
-0.081,0.279,0.949,-1.099,-5.249,5.615
-0.076,0.271,0.969,0.244,-1.953,4.089
-0.070,0.271,0.991,2.197,0.549,2.075
-0.068,0.285,1.005,4.150,1.709,0.122
-0.074,0.308,1.006,5.676,1.343,-1.038
-0.084,0.326,0.993,6.531,-0.305,-1.404
-0.093,0.327,0.974,7.324,-1.221,-0.549
-0.096,0.319,0.965,7.141,-1.831,0.427
-0.098,0.310,0.956,6.531,-2.136,1.465
-0.100,0.297,0.939,5.554,-2.441,2.686
-0.100,0.281,0.919,4.761,-2.197,3.601
-0.100,0.267,0.906,3.296,-1.099,3.723
-0.098,0.257,0.892,2.502,0.610,3.540
-0.099,0.256,0.883,1.526,2.686,2.563
-0.097,0.256,0.892,1.038,4.944,1.953
-0.088,0.253,0.917,2.136,6.775,1.526
-0.076,0.252,0.935,4.028,7.446,0.732
-0.073,0.253,0.955,5.859,7.263,0.244
-0.068,0.255,0.964,6.958,6.470,0.000
-0.074,0.257,0.958,7.141,4.578,-0.122
-0.077,0.256,0.954,6.409,2.808,0.183
-0.080,0.258,0.939,5.005,0.732,0.854
-0.079,0.255,0.929,3.418,-0.671,1.465
-0.078,0.246,0.916,2.380,-0.977,1.953
-0.080,0.242,0.911,1.099,-0.732,2.258
-0.075,0.235,0.905,0.244,-0.244,2.075
-0.073,0.229,0.910,-0.793,0.977,1.648
-0.068,0.220,0.931,-0.854,2.197,1.038
-0.061,0.214,0.945,0.122,2.258,0.244
-0.056,0.222,0.957,1.221,1.587,-0.916
-0.054,0.223,0.974,2.686,0.793,-2.502
-0.052,0.232,0.985,5.127,-0.244,-4.639
-0.051,0.243,0.979,8.301,-1.526,-6.714
-0.053,0.260,0.976,10.986,-2.197,-8.545
-0.055,0.282,0.987,11.902,-2.502,-9.277
-0.066,0.305,0.998,10.071,-3.601,-8.423
-0.078,0.327,1.001,7.507,-5.249,-6.042
-0.091,0.330,0.999,5.249,-7.935,-2.625
-0.105,0.320,0.971,0.366,-11.230,1.038
-0.118,0.313,0.945,-4.517,-13.855,4.761
-0.124,0.295,0.919,-6.531,-14.954,7.629
-0.125,0.273,0.889,-7.507,-14.709,9.338
-0.120,0.254,0.879,-6.958,-12.634,9.155

-0.837,0.430,1.318,80.750,-42.053,-32.593
-0.856,0.506,1.289,85.327,-46.265,-31.311
-0.899,0.621,1.211,85.022,-50.232,-28.564
-0.913,0.760,1.088,78.186,-53.955,-22.583
-0.909,0.814,0.980,67.871,-55.481,-10.193
-0.886,0.783,0.852,47.974,-53.711,8.728
-0.839,0.696,0.750,27.039,-48.279,31.738
-0.844,0.567,0.703,12.573,-40.466,53.345
-0.827,0.456,0.657,5.188,-32.593,67.688
-0.761,0.350,0.639,3.723,-24.841,74.341
-0.684,0.290,0.614,10.071,-18.860,75.012
-0.620,0.266,0.595,18.738,-17.151,72.205
-0.569,0.226,0.562,27.588,-16.785,68.970
-0.559,0.199,0.445,30.640,-19.775,66.772
-0.548,0.222,0.293,27.222,-20.813,66.223
-0.545,0.255,0.153,22.705,-17.334,68.115
-0.536,0.258,0.052,17.212,-10.193,71.838
-0.514,0.227,-0.003,12.146,-0.793,77.271
-0.471,0.186,-0.037,7.385,9.644,82.825
-0.413,0.140,-0.061,3.967,19.409,86.853
-0.343,0.093,-0.066,2.014,27.283,89.478
-0.265,0.066,-0.057,-0.671,33.020,90.149
-0.166,0.090,0.013,-6.714,39.063,88.501
-0.087,0.136,0.129,-10.681,46.265,85.022
-0.028,0.178,0.223,-9.888,51.331,80.322
0.025,0.218,0.255,-4.578,52.490,76.172
0.079,0.252,0.234,0.610,52.185,74.219
0.129,0.262,0.180,2.563,53.955,74.524
0.172,0.266,0.125,1.526,57.800,77.393
0.201,0.257,0.105,-2.686,61.768,82.397
0.264,0.235,0.138,-11.963,65.369,89.233
0.336,0.182,0.202,-28.381,67.139,96.558
0.401,0.161,0.262,-47.791,66.223,103.699
0.448,0.118,0.291,-62.073,63.721,108.521
0.516,0.078,0.321,-71.106,62.683,108.459
0.562,0.010,0.342,-71.655,64.453,105.164
0.579,-0.033,0.365,-68.298,65.796,97.900
0.583,-0.020,0.386,-62.317,69.031,87.830
0.577,0.029,0.407,-53.772,73.608,78.308
0.614,0.111,0.425,-44.312,79.163,71.716
0.618,0.173,0.515,-34.851,84.167,68.787
0.641,0.188,0.688,-34.912,88.501,69.092
0.686,0.184,0.845,-53.833,87.646,72.327
0.759,0.174,0.965,-83.923,80.322,78.308
0.810,0.063,1.079,-109.131,71.289,83.374
0.820,-0.041,1.155,-128.479,64.270,81.055
0.835,-0.102,1.227,-138.123,59.692,71.167
0.833,-0.171,1.344,-130.493,57.129,55.664
0.809,-0.182,1.392,-116.760,51.636,36.682
0.750,-0.105,1.334,-103.699,42.175,20.081
0.721,0.020,1.287,-94.482,35.095,7.263
0.724,0.164,1.335,-90.454,34.424,-1.770
0.677,0.247,1.477,-88.074,34.424,-4.822
0.648,0.314,1.594,-88.684,30.090,-6.104
0.618,0.337,1.666,-94.177,22.827,-6.287
0.572,0.325,1.732,-108.215,17.944,-7.080
0.544,0.269,1.796,-124.329,18.433,-11.719
0.529,0.145,1.860,-128.479,18.127,-20.752
0.490,0.044,1.878,-122.131,13.977,-35.095
0.475,0.098,1.944,-111.023,7.874,-51.453
0.350,0.122,1.853,-93.262,-1.160,-66.223
0.318,0.298,1.817,-79.102,-6.042,-81.116
0.262,0.362,1.551,-60.730,-13.611,-90.027
0.198,0.420,1.743,-54.260,0.183,-93.994
0.010,0.453,1.939,-49.500,-1.282,-98.694
-0.071,0.502,2.035,-40.283,-17.334,-104.004
-0.187,0.505,2.077,-36.865,-32.166,-102.966
-0.282,0.511,2.123,-44.678,-43.274,-99.976
-0.326,0.542,2.156,-57.129,-52.490,-97.900
-0.359,0.594,2.150,-55.908,-62.195,-97.961
-0.411,0.653,2.053,-46.387,-74.890,-101.196
-0.453,0.726,1.866,-29.236,-88.135,-106.079
-0.516,0.834,1.637,-6.958,-95.520,-110.718
-0.618,0.953,1.431,21.057,-96.252,-112.427
-0.701,1.038,1.247,52.795,-91.125,-110.474
-0.734,1.059,1.133,80.139,-81.055,-104.553
-0.730,1.042,1.108,94.604,-67.810,-93.933
-0.707,0.964,1.109,96.252,-59.143,-79.102
-0.679,0.835,1.060,90.515,-57.800,-63.293
-0.629,0.708,0.989,82.092,-61.218,-48.828
-0.586,0.579,0.858,70.190,-65.491,-37.231
-0.543,0.511,0.745,55.176,-65.002,-28.442
-0.522,0.430,0.674,46.204,-63.110,-20.752
-0.478,0.345,0.595,45.715,-61.340,-16.113
-0.449,0.258,0.496,49.133,-60.364,-12.756
-0.452,0.222,0.379,52.856,-57.861,-11.230
-0.470,0.221,0.271,57.068,-52.124,-11.719
-0.469,0.225,0.201,61.584,-43.152,-12.634
-0.455,0.216,0.188,63.538,-31.189,-13.855
-0.437,0.206,0.208,60.791,-19.470,-13.611
-0.409,0.211,0.258,52.490,-9.521,-11.414
-0.373,0.211,0.340,41.687,-1.831,-7.935
-0.337,0.199,0.430,32.043,2.930,-4.272
-0.288,0.200,0.508,25.269,4.700,-1.953
-0.254,0.209,0.546,19.958,4.395,0.366
-0.235,0.212,0.548,16.785,2.197,3.540
-0.218,0.197,0.543,13.794,1.465,6.653
-0.204,0.188,0.535,8.423,2.258,8.484
-0.179,0.198,0.557,4.578,5.676,9.460
-0.149,0.201,0.636,2.014,12.085,9.277
-0.118,0.192,0.733,2.075,17.273,8.545
-0.084,0.176,0.814,1.648,19.470,7.568
-0.058,0.163,0.908,-2.441,20.020,6.714
-0.042,0.171,0.969,-10.010,17.273,6.042
-0.047,0.172,1.012,-15.259,10.986,5.737
-0.057,0.176,0.986,-19.775,3.906,4.944
-0.058,0.193,0.941,-24.170,-0.671,3.601
-0.087,0.203,0.907,-24.902,-2.869,3.296
-0.094,0.228,0.880,-21.240,-2.869,2.075
-0.106,0.246,0.887,-14.343,-0.183,0.183
-0.098,0.273,0.928,-8.057,5.249,-1.221
-0.090,0.294,0.990,-3.967,10.315,-1.892
-0.080,0.300,1.043,-2.563,12.695,-1.526
-0.073,0.293,1.096,-4.395,11.597,0.000
-0.064,0.269,1.121,-7.080,7.385,1.770
-0.066,0.246,1.112,-8.972,1.648,2.441
-0.076,0.238,1.078,-9.155,-3.479,1.831
-0.087,0.233,1.052,-7.629,-6.775,0.244
-0.092,0.225,1.028,-5.127,-8.850,-1.526

0.464,0.572,1.667,-80.872,22.949,-44.556
0.426,0.593,1.771,-74.707,20.020,-49.072
0.352,0.598,1.853,-64.087,6.409,-52.246
0.292,0.612,1.767,-58.899,-11.292,-52.856
0.210,0.568,1.647,-55.481,-24.048,-52.063
0.132,0.515,1.590,-55.664,-28.259,-48.950
0.093,0.455,1.528,-55.298,-28.381,-49.561
0.090,0.422,1.475,-47.363,-26.184,-54.382
0.091,0.404,1.456,-32.166,-20.386,-64.270
0.095,0.419,1.473,-16.357,-13.550,-76.416
0.078,0.467,1.487,-2.380,-8.301,-87.280
0.021,0.540,1.499,9.888,-5.676,-95.459
-0.047,0.579,1.516,18.250,-5.493,-98.083
-0.105,0.590,1.521,20.935,-8.484,-95.337
-0.165,0.588,1.514,19.775,-14.221,-89.539
-0.214,0.591,1.483,18.250,-22.400,-82.764
-0.253,0.588,1.413,17.639,-30.945,-75.500
-0.273,0.571,1.326,19.348,-38.391,-68.115
-0.317,0.516,1.239,20.752,-43.457,-60.425
-0.320,0.495,1.120,21.606,-45.837,-58.777
-0.329,0.447,1.054,27.954,-43.579,-58.167
-0.343,0.432,1.003,33.997,-39.001,-59.326
-0.356,0.428,0.949,41.504,-35.156,-61.035
-0.375,0.440,0.896,49.194,-32.410,-62.073
-0.387,0.463,0.860,54.688,-30.518,-61.279
-0.401,0.468,0.846,56.274,-30.334,-57.251
-0.403,0.452,0.821,53.711,-32.715,-50.781
-0.409,0.430,0.762,47.852,-37.476,-42.664
-0.412,0.408,0.680,41.870,-41.504,-34.546
-0.409,0.378,0.608,36.133,-42.969,-27.100
-0.391,0.344,0.570,29.907,-40.771,-20.203
-0.371,0.298,0.551,23.621,-36.682,-14.099
-0.349,0.271,0.535,19.409,-31.128,-10.437
-0.323,0.252,0.531,20.569,-24.658,-9.949
-0.290,0.238,0.566,26.062,-16.357,-11.414
-0.257,0.239,0.635,31.738,-8.484,-13.000
-0.225,0.242,0.707,32.349,-3.662,-13.489
-0.203,0.242,0.764,29.663,-2.686,-12.024
-0.181,0.239,0.792,24.414,-4.395,-9.277
-0.167,0.232,0.802,18.127,-7.385,-5.615
-0.159,0.214,0.798,12.939,-10.132,-2.136
-0.150,0.187,0.771,8.972,-12.268,0.244
-0.145,0.189,0.753,5.798,-12.939,1.892
-0.138,0.177,0.748,2.441,-12.146,3.357
-0.127,0.174,0.746,-0.732,-10.010,4.028
-0.119,0.177,0.756,-2.502,-6.958,3.662
-0.123,0.180,0.771,-3.662,-3.540,2.258
-0.114,0.203,0.786,-2.686,0.000,0.977
-0.108,0.240,0.844,-1.770,3.845,0.183
-0.097,0.263,0.918,-2.014,6.348,0.366
-0.086,0.273,0.963,-3.113,5.493,1.953
-0.078,0.268,0.952,-4.395,1.831,4.639
-0.075,0.253,0.916,-5.493,-1.038,7.080
-0.066,0.240,0.905,-6.348,-1.282,8.362
-0.052,0.226,0.905,-6.409,0.000,8.301
-0.037,0.229,0.904,-6.226,1.831,6.958
-0.026,0.231,0.928,-3.784,5.066,5.005
-0.016,0.237,0.962,-0.793,8.118,2.625
-0.008,0.263,0.991,0.732,9.460,0.854
-0.006,0.289,1.007,1.343,9.094,0.061
-0.005,0.300,1.025,1.282,7.874,0.305
-0.003,0.300,1.041,-0.305,5.798,1.404
-0.002,0.288,1.042,-2.014,2.075,3.723
-0.006,0.268,1.025,-3.723,-1.709,5.920
-0.013,0.247,0.992,-4.150,-5.005,6.897
-0.021,0.235,0.955,-3.357,-6.775,6.775
-0.024,0.228,0.931,-3.479,-6.409,5.676
-0.026,0.235,0.922,-2.991,-4.639,4.333
-0.023,0.243,0.932,-0.854,-1.770,2.502
-0.018,0.249,0.952,1.465,1.343,0.854
-0.013,0.285,0.987,2.625,3.235,-0.183
-0.016,0.305,1.019,2.991,3.540,-0.183
-0.015,0.299,1.023,2.930,2.075,1.038
-0.020,0.289,1.016,2.319,-0.366,2.380
-0.028,0.279,1.009,0.549,-2.258,3.601
-0.030,0.269,1.004,-0.122,-3.723,4.211
-0.035,0.258,0.998,-0.122,-5.005,4.395
-0.044,0.257,0.972,-0.366,-6.409,4.272
-0.049,0.251,0.938,0.061,-6.714,3.906
-0.054,0.242,0.918,-0.183,-5.737,3.357
-0.054,0.233,0.920,0.549,-3.601,2.075
-0.051,0.237,0.929,2.563,-1.404,0.427
-0.050,0.254,0.952,4.578,0.549,-0.854
-0.044,0.268,0.973,5.920,1.648,-1.770
-0.042,0.273,0.992,6.836,1.526,-1.831
-0.040,0.275,0.991,6.287,0.183,-0.977
-0.045,0.280,0.973,4.761,-1.831,0.061
-0.046,0.271,0.964,3.357,-3.113,1.221
-0.047,0.255,0.961,2.441,-3.845,2.563
-0.052,0.242,0.947,2.075,-4.700,2.991
-0.059,0.231,0.925,2.136,-5.432,2.869
-0.064,0.230,0.911,1.526,-5.127,2.563
-0.069,0.221,0.907,1.587,-4.150,2.136
-0.068,0.213,0.907,2.502,-2.686,1.221
-0.064,0.216,0.913,3.296,-1.282,0.244
-0.059,0.228,0.924,3.723,0.061,-0.671
-0.058,0.240,0.935,3.967,0.916,-1.282
-0.053,0.248,0.943,3.540,1.404,-0.977
-0.046,0.256,0.954,2.808,0.671,-0.305
-0.043,0.262,0.972,1.526,-0.061,0.427
-0.041,0.260,0.973,0.305,-1.404,1.160
-0.044,0.254,0.963,-0.183,-3.113,2.075
-0.054,0.248,0.944,-0.549,-4.456,2.380
-0.065,0.247,0.925,-0.916,-5.188,2.258
-0.074,0.251,0.914,-0.610,-5.127,1.770
-0.078,0.256,0.909,0.488,-4.578,1.282
-0.080,0.259,0.907,0.427,-4.028,1.099
-0.083,0.264,0.906,-0.977,-3.906,1.648
-0.078,0.265,0.912,-2.075,-3.784,2.563
-0.073,0.257,0.925,-2.441,-3.113,3.174
-0.070,0.252,0.933,-2.625,-2.747,2.930
-0.069,0.246,0.942,-2.747,-2.686,2.808
-0.070,0.245,0.947,-2.869,-2.441,2.502
-0.073,0.251,0.937,-2.441,-2.625,2.441
-0.078,0.257,0.930,-1.831,-2.258,2.197
-0.078,0.258,0.928,-1.770,-1.343,2.319
-0.075,0.260,0.934,-2.075,-0.488,2.563
-0.070,0.265,0.933,-2.319,0.061,2.991
-0.064,0.266,0.944,-1.831,0.977,3.113

0.749,0.335,1.949,-45.166,53.711,-47.363
0.735,0.318,2.092,-29.541,35.034,-54.504
0.694,0.289,2.115,-18.982,1.221,-55.847
0.581,0.276,1.981,-25.757,-33.325,-51.636
0.463,0.272,1.745,-48.889,-57.800,-45.898
0.383,0.259,1.531,-69.580,-69.641,-44.556
0.284,0.254,1.379,-70.740,-72.754,-45.471
0.194,0.259,1.318,-62.988,-67.139,-51.819
0.130,0.300,1.331,-50.110,-57.068,-61.951
0.090,0.349,1.380,-36.255,-48.340,-73.181
0.030,0.375,1.441,-25.269,-43.823,-81.177
-0.013,0.418,1.479,-19.409,-44.556,-84.961
-0.044,0.474,1.472,-16.418,-49.988,-86.243
-0.149,0.470,1.443,-12.634,-58.533,-83.313
-0.260,0.492,1.333,-13.916,-69.397,-78.369
-0.313,0.532,1.154,-20.508,-76.721,-74.524
-0.384,0.516,0.988,-20.691,-77.881,-67.871
-0.418,0.498,0.865,-21.057,-70.251,-62.073
-0.426,0.477,0.805,-18.616,-55.481,-60.547
-0.407,0.443,0.832,-8.667,-36.743,-61.890
-0.369,0.433,0.910,5.310,-19.226,-66.040
-0.331,0.444,0.993,18.738,-8.118,-69.763
-0.314,0.479,1.085,26.306,-3.296,-70.923
-0.288,0.525,1.142,31.677,-3.845,-69.824
-0.296,0.557,1.145,34.302,-12.085,-63.110
-0.305,0.571,1.083,29.297,-24.048,-51.758
-0.320,0.543,0.992,20.752,-35.522,-38.574
-0.323,0.493,0.869,14.465,-43.945,-25.940
-0.328,0.432,0.759,10.071,-47.241,-15.808
-0.325,0.353,0.648,6.042,-45.776,-8.362
-0.304,0.304,0.598,-0.183,-37.292,-3.174
-0.297,0.258,0.606,-2.563,-26.245,-2.075
-0.250,0.224,0.623,5.737,-17.334,-4.639
-0.205,0.213,0.671,16.907,-8.972,-9.460
-0.166,0.218,0.760,22.095,-1.282,-13.367
-0.142,0.242,0.842,24.414,2.258,-15.503
-0.121,0.262,0.880,26.123,1.038,-15.198
-0.122,0.272,0.869,23.376,-3.174,-12.451
-0.124,0.278,0.838,17.700,-7.141,-7.935
-0.126,0.265,0.805,11.414,-10.315,-3.052
-0.123,0.241,0.777,4.700,-11.353,1.343
-0.110,0.223,0.751,0.549,-10.315,4.150
-0.094,0.213,0.751,-0.854,-6.775,5.066
-0.069,0.213,0.782,-0.549,-2.075,4.333
-0.044,0.226,0.824,0.061,2.014,2.930
-0.020,0.240,0.873,0.732,4.944,1.221
-0.001,0.255,0.922,2.502,6.775,-0.549
0.005,0.290,0.969,4.578,6.653,-1.892
0.005,0.319,0.999,4.333,4.272,-2.075
0.001,0.357,1.007,2.563,0.366,-0.549
0.000,0.369,0.988,0.488,-4.028,2.380
-0.000,0.357,0.961,-2.930,-6.226,7.507
0.000,0.334,0.943,-7.019,-6.653,11.353
0.014,0.305,0.936,-8.789,-6.042,13.611
0.026,0.285,0.935,-8.423,-4.395,13.489
0.034,0.278,0.929,-7.019,-2.380,11.658
0.046,0.280,0.938,-4.272,0.366,8.850
0.053,0.277,0.966,-1.099,3.723,5.615
0.062,0.293,1.005,1.099,5.859,2.686
0.066,0.317,1.045,3.235,5.737,0.977
0.065,0.345,1.076,4.517,3.601,0.305
0.058,0.378,1.094,5.066,-0.671,0.854
0.050,0.399,1.075,4.456,-6.775,2.197
0.036,0.399,1.021,0.916,-12.451,6.775
0.015,0.381,0.989,-4.700,-15.991,12.451
0.010,0.323,0.963,-8.118,-18.372,17.212
0.006,0.274,0.934,-11.963,-19.836,19.531
-0.003,0.241,0.903,-12.085,-19.592,19.043
-0.011,0.231,0.874,-8.972,-17.212,15.564
-0.022,0.237,0.874,-4.517,-12.451,10.986
-0.025,0.252,0.883,0.671,-7.385,6.104
-0.026,0.281,0.898,5.249,-3.174,2.136
-0.022,0.312,0.928,8.301,0.000,-0.061
-0.018,0.333,0.958,9.338,1.648,-0.488
-0.014,0.340,0.970,7.385,1.160,0.305
-0.014,0.332,0.960,4.944,-0.427,2.319
-0.014,0.307,0.930,2.808,-2.319,4.456
-0.013,0.277,0.909,0.854,-2.563,5.615
-0.011,0.255,0.900,0.977,-1.648,5.310
-0.007,0.250,0.900,2.319,-0.305,3.540
-0.006,0.259,0.907,3.845,1.160,1.404
-0.010,0.277,0.915,5.005,2.258,0.183
-0.012,0.301,0.920,4.761,2.563,-0.122
-0.011,0.321,0.940,3.357,2.014,0.427
-0.007,0.318,0.957,2.747,1.160,1.770
-0.005,0.305,0.951,2.563,-0.671,2.930
-0.010,0.294,0.939,1.709,-2.136,3.296
-0.017,0.298,0.919,1.404,-3.052,3.113
-0.023,0.284,0.903,1.587,-3.174,3.052
-0.027,0.283,0.893,0.183,-2.380,2.686
-0.026,0.286,0.898,1.160,-0.610,1.953
-0.018,0.290,0.916,3.540,1.465,1.038
-0.014,0.301,0.948,4.822,2.869,0.488
-0.011,0.319,0.969,4.944,2.747,0.732
-0.001,0.319,0.960,4.822,1.099,1.770
0.000,0.296,0.958,1.953,0.061,3.052
0.001,0.287,0.964,-0.488,-0.549,3.662
0.005,0.265,0.969,0.244,-1.099,3.113
0.006,0.242,0.962,2.258,-1.770,2.014
0.003,0.240,0.951,2.869,-2.625,0.549
-0.007,0.256,0.936,2.747,-3.113,-0.549
-0.017,0.268,0.920,2.563,-3.296,-1.099
-0.020,0.273,0.911,2.380,-2.869,-0.732
-0.015,0.277,0.920,1.648,-2.075,-0.305
-0.013,0.282,0.933,0.427,-1.282,0.000
-0.012,0.290,0.945,-0.366,-0.793,0.061
-0.013,0.290,0.956,-0.183,-0.610,0.000
-0.013,0.296,0.962,0.305,-0.671,-0.305
-0.012,0.298,0.970,0.732,-0.793,-0.671
-0.010,0.297,0.967,1.709,-1.282,-1.221
-0.014,0.301,0.958,1.648,-1.709,-1.709
-0.019,0.303,0.945,1.282,-1.953,-1.770
-0.021,0.308,0.938,1.465,-1.892,-1.770
-0.026,0.316,0.940,1.709,-1.587,-1.526
-0.031,0.314,0.936,2.686,-1.343,-1.038
-0.031,0.314,0.930,2.991,-1.221,-0.427
-0.032,0.326,0.932,2.014,-1.038,0.061
-0.033,0.327,0.934,1.648,-0.854,0.793
-0.031,0.319,0.936,1.221,-0.305,1.526

0.606,0.108,1.828,-69.214,-5.127,-28.137
0.564,0.177,1.820,-64.880,-25.391,-41.138
0.484,0.314,1.731,-61.279,-44.250,-53.650
0.345,0.423,1.586,-61.340,-55.115,-58.838
0.206,0.474,1.500,-65.125,-54.626,-58.960
0.124,0.488,1.500,-64.636,-47.424,-57.190
0.092,0.450,1.526,-56.824,-40.100,-55.176
0.065,0.395,1.554,-45.776,-35.828,-55.725
0.092,0.363,1.562,-38.269,-34.546,-59.204
0.098,0.349,1.576,-32.043,-35.339,-64.026
0.084,0.345,1.589,-27.893,-38.391,-68.542
0.038,0.370,1.557,-22.583,-44.373,-73.669
-0.027,0.433,1.469,-16.846,-51.758,-79.285
-0.122,0.515,1.356,-12.451,-57.617,-82.214
-0.222,0.571,1.265,-8.728,-59.448,-81.604
-0.297,0.628,1.177,-6.653,-58.411,-78.125
-0.335,0.677,1.117,-5.066,-54.077,-72.998
-0.398,0.672,1.047,1.343,-47.363,-65.369
-0.416,0.662,0.989,8.545,-40.649,-58.960
-0.423,0.632,0.965,16.724,-32.715,-53.955
-0.415,0.588,0.948,23.193,-26.184,-49.438
-0.402,0.552,0.932,26.917,-21.912,-44.739
-0.380,0.501,0.936,28.625,-19.531,-40.283
-0.356,0.446,0.942,29.358,-19.348,-36.438
-0.338,0.407,0.934,29.785,-22.217,-33.569
-0.341,0.376,0.906,30.029,-26.428,-31.921
-0.353,0.370,0.816,29.236,-32.593,-29.541
-0.375,0.379,0.711,24.597,-36.438,-25.574
-0.382,0.377,0.630,17.944,-34.851,-18.799
-0.381,0.378,0.624,10.010,-28.137,-11.719
-0.355,0.332,0.636,11.414,-22.888,-7.874
-0.308,0.293,0.651,16.479,-17.456,-5.066
-0.278,0.291,0.692,17.517,-11.475,-3.723
-0.238,0.287,0.750,18.005,-6.714,-2.686
-0.191,0.274,0.810,17.578,-4.578,-1.160
-0.166,0.246,0.862,15.503,-4.822,0.000
-0.145,0.218,0.871,12.695,-7.996,0.732
-0.146,0.208,0.838,9.583,-12.268,0.977
-0.150,0.210,0.789,7.141,-15.076,1.099
-0.146,0.216,0.758,4.822,-14.648,1.709
-0.143,0.223,0.752,1.648,-12.146,2.747
-0.128,0.237,0.757,-1.282,-8.972,3.967
-0.111,0.266,0.777,-2.258,-5.554,4.883
-0.092,0.282,0.821,-1.831,-1.587,6.042
-0.069,0.286,0.869,-1.770,1.831,6.592
-0.040,0.295,0.921,-2.441,3.601,6.714
-0.022,0.291,0.976,-2.197,4.150,6.165
-0.009,0.288,1.003,-0.916,2.502,4.822
-0.017,0.305,0.996,-0.488,-0.854,3.662
-0.022,0.317,0.956,-1.282,-3.845,3.540
-0.050,0.303,0.923,-2.808,-4.944,4.150
-0.017,0.311,0.899,-6.287,-3.967,3.174
-0.022,0.299,0.887,-6.897,-2.869,4.578
-0.034,0.297,0.882,-4.700,-2.197,5.859
-0.035,0.310,0.872,-3.784,-0.549,5.432
-0.034,0.316,0.869,-4.028,1.526,5.615
-0.027,0.320,0.881,-4.761,4.395,5.798
-0.012,0.324,0.922,-4.333,7.263,5.737
0.010,0.302,0.969,-2.686,9.399,4.639
0.014,0.307,1.011,-0.183,9.277,2.441
0.014,0.324,1.022,2.930,7.080,0.732
0.003,0.336,1.006,2.319,2.808,0.488
-0.000,0.340,0.979,-0.244,-0.732,1.831
-0.010,0.328,0.949,-3.540,-2.808,3.784
-0.019,0.313,0.911,-5.005,-3.723,5.188
-0.018,0.300,0.881,-4.944,-2.686,5.554
-0.011,0.287,0.887,-4.333,-0.122,4.944
-0.000,0.277,0.913,-2.747,3.418,3.540
0.008,0.277,0.945,-0.610,6.348,1.526
0.016,0.289,0.986,1.648,7.812,-0.427
0.024,0.298,1.009,3.113,7.751,-2.075
0.025,0.307,1.028,3.967,6.165,-3.235
0.025,0.314,1.031,4.150,3.601,-3.662
0.017,0.317,1.019,3.174,0.488,-3.662
0.009,0.323,1.001,1.953,-2.319,-3.357
-0.001,0.324,0.976,1.343,-4.517,-2.686
-0.015,0.316,0.938,1.648,-5.493,-2.197
-0.024,0.314,0.911,2.502,-5.188,-1.770
-0.031,0.321,0.917,1.831,-3.357,-1.953
-0.036,0.319,0.943,1.831,-1.404,-2.014
-0.033,0.305,0.959,2.930,-0.671,-1.831
-0.026,0.295,0.965,3.601,-1.099,-1.892
-0.019,0.294,0.978,4.333,-1.526,-2.502
-0.020,0.293,0.992,5.127,-2.014,-3.418
-0.017,0.309,1.005,5.981,-3.052,-4.150
-0.019,0.317,1.015,7.507,-4.517,-5.005
-0.025,0.322,1.006,8.484,-7.019,-5.127
-0.031,0.326,0.988,7.935,-9.338,-4.761
-0.046,0.333,0.963,7.263,-10.803,-3.967
-0.064,0.337,0.942,7.080,-11.353,-2.991
-0.071,0.336,0.918,7.324,-10.986,-1.770
-0.077,0.328,0.898,7.629,-9.705,-0.793
-0.079,0.325,0.895,6.287,-7.751,-0.122
-0.079,0.313,0.901,5.615,-5.798,0.610
-0.070,0.293,0.912,5.798,-4.456,1.526
-0.065,0.288,0.926,5.920,-3.662,1.343
-0.058,0.294,0.941,6.104,-3.357,0.916
-0.055,0.297,0.963,6.592,-3.296,0.732
-0.053,0.295,0.968,6.897,-4.089,0.977
-0.053,0.290,0.964,5.981,-5.554,1.526
-0.057,0.291,0.940,3.479,-7.080,2.502
-0.061,0.286,0.925,2.441,-7.385,3.052
-0.066,0.275,0.918,2.747,-6.287,3.296
-0.068,0.265,0.908,3.845,-5.188,2.808
-0.067,0.272,0.899,4.639,-4.150,1.648
-0.067,0.276,0.905,5.676,-2.502,1.038
-0.063,0.275,0.921,6.226,-1.038,0.549
-0.056,0.288,0.943,6.165,-0.305,0.366
-0.056,0.292,0.959,6.348,-0.061,0.671
-0.058,0.285,0.960,6.104,-1.221,1.343
-0.059,0.280,0.957,4.639,-2.808,2.075
-0.064,0.270,0.949,3.357,-3.845,2.441
-0.067,0.267,0.927,3.174,-4.700,2.136
-0.074,0.272,0.905,3.662,-4.883,1.526
-0.076,0.274,0.903,3.967,-3.479,0.916
-0.074,0.283,0.911,4.089,-1.953,0.488
-0.072,0.296,0.917,4.517,-0.610,0.244
-0.070,0.302,0.928,4.822,0.732,0.305
-0.063,0.302,0.944,4.456,1.587,1.038

0.508,0.162,1.794,-70.923,-35.400,-49.744
0.436,0.192,1.739,-69.397,-50.354,-58.960
0.305,0.232,1.650,-66.284,-65.552,-66.589
0.207,0.298,1.543,-61.707,-76.050,-71.045
0.054,0.355,1.450,-54.749,-81.421,-72.693
-0.046,0.395,1.379,-44.800,-82.336,-75.317
-0.118,0.425,1.333,-37.170,-80.139,-76.599
-0.167,0.449,1.317,-31.311,-76.965,-76.965
-0.217,0.480,1.296,-26.978,-74.280,-76.477
-0.264,0.511,1.241,-23.926,-73.486,-75.195
-0.311,0.518,1.187,-19.165,-71.960,-73.792
-0.349,0.521,1.147,-16.052,-69.519,-72.327
-0.394,0.496,1.104,-13.245,-66.528,-71.228
-0.441,0.498,1.049,-9.583,-62.012,-70.557
-0.482,0.516,0.985,-4.761,-56.641,-69.946
-0.501,0.553,0.945,1.892,-49.072,-68.848
-0.506,0.572,0.932,11.047,-41.565,-66.467
-0.478,0.573,0.914,20.020,-35.767,-61.890
-0.449,0.547,0.934,23.987,-28.687,-55.603
-0.417,0.511,0.969,25.452,-22.766,-49.072
-0.391,0.479,0.989,26.794,-20.142,-43.457
-0.375,0.456,0.976,26.978,-21.118,-38.513
-0.374,0.460,0.963,23.743,-22.095,-33.386
-0.391,0.451,0.919,20.996,-25.391,-28.687
-0.397,0.423,0.830,22.095,-30.029,-23.376
-0.392,0.380,0.734,19.531,-30.457,-17.639
-0.397,0.359,0.701,11.414,-25.330,-11.780
-0.382,0.325,0.685,8.118,-21.057,-7.385
-0.349,0.304,0.668,10.620,-18.066,-4.456
-0.316,0.285,0.673,13.611,-13.428,-3.052
-0.273,0.272,0.714,14.832,-6.836,-1.831
-0.230,0.271,0.775,15.015,-2.319,-0.977
-0.195,0.293,0.848,14.832,-0.366,-0.366
-0.171,0.295,0.902,15.076,-1.221,0.427
-0.154,0.296,0.902,13.672,-5.188,2.136
-0.152,0.297,0.880,10.193,-10.071,4.700
-0.159,0.297,0.840,6.409,-14.465,7.690
-0.170,0.294,0.790,3.479,-16.663,10.254
-0.170,0.289,0.760,0.977,-15.869,12.146
-0.159,0.272,0.759,-0.671,-12.390,13.367
-0.140,0.253,0.763,-1.892,-8.179,13.794
-0.119,0.239,0.773,-1.831,-3.845,13.000
-0.097,0.232,0.807,-0.549,0.549,10.742
-0.074,0.251,0.854,1.221,4.700,8.118
-0.059,0.283,0.908,2.441,6.958,6.104
-0.048,0.289,0.952,4.028,7.446,5.554
-0.037,0.291,0.970,3.967,5.859,5.615
-0.034,0.297,0.989,2.014,3.662,6.104
-0.033,0.307,0.992,-0.305,0.488,6.714
-0.039,0.310,0.967,-1.892,-2.014,7.690
-0.046,0.304,0.937,-2.869,-3.662,8.789
-0.050,0.297,0.920,-4.272,-3.601,9.094
-0.052,0.292,0.910,-4.822,-2.563,8.789
-0.053,0.290,0.895,-4.089,-1.343,7.935
-0.055,0.296,0.885,-3.906,0.427,7.080
-0.051,0.297,0.893,-3.540,3.113,5.981
-0.043,0.301,0.917,-2.625,5.798,5.188
-0.033,0.316,0.961,-1.587,7.629,4.272
-0.028,0.322,0.997,-0.549,8.179,3.174
-0.026,0.330,1.000,0.488,6.042,2.686
-0.027,0.343,0.990,0.305,3.906,2.686
-0.027,0.350,0.984,-0.244,2.441,3.174
-0.028,0.341,0.984,-0.732,1.404,3.967
-0.029,0.331,0.977,-2.197,0.427,4.272
-0.033,0.321,0.967,-2.136,-0.427,4.517
-0.038,0.327,0.953,-1.892,-0.610,3.784
-0.045,0.334,0.951,-0.305,0.244,2.747
-0.048,0.329,0.958,1.648,1.404,1.770
-0.051,0.325,0.960,2.563,1.709,1.160
-0.052,0.325,0.961,2.502,1.648,0.916
-0.052,0.341,0.967,2.502,1.587,1.099
-0.054,0.342,0.976,3.052,1.770,1.526
-0.052,0.331,0.975,3.418,1.343,2.380
-0.053,0.320,0.970,2.380,0.061,3.418
-0.053,0.308,0.952,0.671,-1.221,4.089
-0.048,0.302,0.927,0.549,-1.648,4.333
-0.049,0.284,0.926,2.136,-0.793,3.967
-0.044,0.272,0.950,2.930,0.916,2.686
-0.044,0.273,0.966,3.479,1.160,1.099
-0.049,0.282,0.965,3.967,0.122,0.122
-0.053,0.300,0.961,3.540,-1.038,-0.488
-0.063,0.304,0.953,4.272,-1.770,-0.610
-0.065,0.300,0.934,4.639,-2.502,-0.549
-0.068,0.299,0.921,3.967,-2.686,-0.366
-0.067,0.308,0.920,2.930,-2.441,-0.244
-0.072,0.330,0.936,2.869,-1.831,-0.183
-0.073,0.325,0.943,4.028,-1.587,0.183
-0.075,0.316,0.929,4.028,-2.380,0.916
-0.080,0.316,0.922,2.319,-3.174,1.709
-0.086,0.323,0.918,1.160,-3.235,2.197
-0.087,0.323,0.910,1.465,-2.991,2.747
-0.089,0.317,0.902,1.648,-2.625,3.174
-0.087,0.308,0.902,1.526,-1.831,3.357
-0.083,0.295,0.904,1.831,-1.099,3.357
-0.080,0.291,0.912,1.587,0.122,2.686
-0.077,0.291,0.924,2.014,1.160,1.526
-0.074,0.297,0.930,2.930,1.404,0.916
-0.068,0.307,0.937,2.991,1.221,0.488
-0.064,0.309,0.950,3.235,1.038,0.732
-0.060,0.306,0.953,3.296,0.305,1.038
-0.063,0.303,0.944,2.625,-0.854,1.282
-0.068,0.317,0.934,2.075,-1.770,1.831
-0.070,0.322,0.936,1.709,-1.770,2.563
-0.067,0.312,0.946,0.610,-1.587,3.540
-0.066,0.298,0.947,0.549,-1.831,4.028
-0.063,0.290,0.937,0.732,-2.258,3.967
-0.064,0.286,0.930,0.916,-2.319,3.479
-0.063,0.284,0.935,1.526,-1.831,2.808
-0.061,0.281,0.939,2.441,-1.404,2.014
-0.062,0.277,0.944,2.747,-1.221,1.038
-0.067,0.283,0.938,2.563,-1.587,0.488
-0.070,0.306,0.925,2.014,-1.648,0.061
-0.077,0.324,0.935,1.953,-0.732,0.122
-0.073,0.322,0.949,2.808,0.427,0.488
-0.067,0.322,0.955,2.625,0.610,0.977
-0.063,0.327,0.962,2.014,0.427,1.648
-0.059,0.321,0.966,1.648,0.305,2.319
-0.055,0.309,0.967,2.197,0.000,2.808
-0.056,0.302,0.963,2.258,-0.488,2.441

-0.657,0.546,1.343,-10.925,-59.875,-82.458
-0.689,0.612,1.244,9.033,-61.707,-82.275
-0.719,0.658,1.159,20.569,-58.289,-79.773
-0.731,0.687,1.074,28.076,-53.711,-74.829
-0.749,0.710,1.008,33.020,-48.096,-67.871
-0.739,0.710,0.973,35.645,-41.992,-60.852
-0.721,0.690,0.937,36.804,-37.720,-52.368
-0.705,0.651,0.891,35.461,-35.339,-42.603
-0.675,0.622,0.847,31.494,-32.532,-32.654
-0.650,0.582,0.815,27.954,-31.189,-23.132
-0.617,0.511,0.771,28.748,-33.020,-13.489
-0.569,0.447,0.706,26.245,-33.936,-5.371
-0.525,0.383,0.653,22.644,-32.776,0.854
-0.483,0.320,0.618,21.545,-29.663,5.066
-0.444,0.270,0.608,21.851,-24.414,6.287
-0.402,0.231,0.624,25.818,-19.104,4.883
-0.359,0.220,0.637,30.212,-14.221,2.258
-0.328,0.231,0.666,31.677,-9.033,0.000
-0.304,0.248,0.707,30.457,-5.432,-0.610
-0.282,0.275,0.749,26.184,-4.456,0.061
-0.270,0.287,0.791,20.386,-5.188,2.258
-0.258,0.279,0.787,15.076,-8.057,5.310
-0.252,0.276,0.762,10.193,-11.292,7.690
-0.248,0.271,0.751,6.714,-12.207,9.705
-0.241,0.260,0.739,4.333,-12.512,11.108
-0.238,0.256,0.721,1.038,-12.512,11.597
-0.241,0.257,0.712,-1.343,-10.864,10.559
-0.238,0.256,0.705,-1.587,-7.385,8.362
-0.237,0.257,0.709,0.305,-3.052,5.066
-0.234,0.272,0.731,3.418,2.075,1.770
-0.227,0.292,0.772,5.493,7.202,-0.916
-0.218,0.314,0.816,5.249,10.925,-2.563
-0.210,0.328,0.856,4.272,12.329,-2.991
-0.203,0.337,0.892,3.296,11.841,-2.747
-0.196,0.343,0.919,1.709,10.315,-1.953
-0.193,0.338,0.916,-0.549,7.446,-0.610
-0.189,0.341,0.898,-2.441,4.700,0.427
-0.184,0.343,0.885,-3.723,4.028,0.916
-0.180,0.342,0.892,-4.272,5.127,0.671
-0.172,0.337,0.913,-3.174,7.019,0.061
-0.167,0.335,0.929,-1.831,8.179,-0.732
-0.165,0.345,0.935,-1.038,8.545,-1.831
-0.166,0.356,0.946,-0.427,9.399,-2.930
-0.164,0.367,0.977,1.038,10.254,-3.479
-0.165,0.367,0.995,2.380,9.644,-3.601
-0.163,0.379,1.002,2.686,7.080,-2.869
-0.161,0.379,1.024,2.441,3.784,-2.014
-0.154,0.367,1.021,1.160,-0.366,-0.732
-0.173,0.359,0.997,-0.488,-3.723,1.038
-0.182,0.350,0.955,-0.488,-6.897,1.648
-0.188,0.341,0.923,-0.732,-7.996,1.953
-0.197,0.335,0.902,-1.709,-6.958,1.587
-0.202,0.323,0.893,-0.244,-5.066,0.671
-0.204,0.313,0.896,2.441,-2.136,-0.916
-0.204,0.316,0.906,5.066,0.732,-2.991
-0.203,0.329,0.917,7.141,2.869,-5.005
-0.201,0.354,0.923,8.362,3.784,-5.920
-0.202,0.371,0.938,9.033,4.150,-5.310
-0.200,0.364,0.946,8.911,3.784,-3.845
-0.199,0.348,0.945,7.324,2.197,-2.380
-0.201,0.332,0.932,5.859,0.488,-1.404
-0.206,0.329,0.912,4.822,-0.977,-1.099
-0.209,0.339,0.898,4.333,-1.343,-1.343
-0.207,0.337,0.902,4.883,-0.610,-1.648
-0.205,0.334,0.908,5.981,0.244,-1.831
-0.200,0.338,0.905,6.348,0.488,-2.014
-0.199,0.343,0.910,6.226,0.854,-1.953
-0.197,0.338,0.923,5.798,1.526,-1.465
-0.190,0.330,0.929,5.432,1.465,-1.221
-0.189,0.325,0.924,5.798,0.610,-0.793
-0.196,0.329,0.919,5.249,-0.061,-0.671
-0.197,0.328,0.913,4.578,-0.488,-0.305
-0.200,0.312,0.911,4.150,-0.671,0.305
-0.203,0.295,0.908,3.906,-1.099,0.549
-0.204,0.284,0.903,4.333,-1.160,0.183
-0.208,0.282,0.898,5.554,-1.099,-0.305
-0.209,0.294,0.892,6.226,-0.916,-1.160
-0.210,0.312,0.891,6.165,-0.549,-1.526
-0.207,0.316,0.896,5.066,-0.061,-0.916
-0.204,0.311,0.903,3.784,0.244,-0.366
-0.198,0.311,0.902,2.808,0.000,-0.061
-0.200,0.311,0.902,2.258,-0.122,0.061
-0.200,0.315,0.904,2.563,0.183,0.061
-0.203,0.321,0.910,3.113,0.488,-0.183
-0.205,0.323,0.915,3.845,0.732,-0.061
-0.208,0.321,0.911,4.272,0.427,0.427
-0.209,0.318,0.903,3.479,-0.244,0.977
-0.208,0.315,0.900,2.625,-0.183,1.587
-0.205,0.307,0.898,1.953,-0.061,1.953
-0.201,0.298,0.906,1.587,0.061,1.953
-0.194,0.292,0.910,1.831,0.366,1.404
-0.191,0.296,0.904,2.258,0.122,0.793
-0.193,0.303,0.909,1.831,0.244,0.244
-0.191,0.304,0.922,1.709,0.610,0.183
-0.191,0.307,0.929,1.648,0.305,0.183
-0.191,0.321,0.925,1.831,-0.366,0.305
-0.199,0.330,0.924,1.831,-0.671,0.732
-0.198,0.332,0.927,1.648,-0.671,1.831
-0.196,0.323,0.933,1.465,-0.671,2.441
-0.193,0.317,0.930,1.648,-0.671,2.747
-0.192,0.318,0.927,1.770,-0.671,2.319
-0.191,0.320,0.926,1.892,-0.549,1.831
-0.192,0.318,0.925,2.075,-0.366,1.587
-0.192,0.320,0.918,1.953,-0.549,1.526
-0.192,0.321,0.918,1.709,-0.366,1.404
-0.189,0.318,0.927,1.770,0.183,1.343
-0.188,0.315,0.927,2.014,0.061,1.221
-0.186,0.314,0.929,1.709,-0.183,1.343
-0.188,0.322,0.929,1.709,-0.610,1.404
-0.190,0.323,0.924,2.258,-1.038,1.465
-0.190,0.322,0.916,3.052,-1.282,1.526
-0.192,0.324,0.916,3.113,-1.099,1.526
-0.192,0.325,0.914,2.991,-0.977,1.587
-0.193,0.328,0.911,2.625,-0.977,1.526
-0.197,0.328,0.907,2.075,-0.732,1.648
-0.196,0.322,0.911,1.892,-0.183,1.831
-0.195,0.316,0.915,1.831,0.305,1.831
-0.193,0.312,0.922,1.709,0.916,1.709
-0.192,0.312,0.928,1.770,1.038,1.587

-1.120,0.237,1.195,53.833,-35.217,-10.254
-1.124,0.350,0.985,59.631,-38.086,-12.756
-1.153,0.404,0.855,69.824,-35.095,-10.315
-1.107,0.458,0.772,73.181,-26.306,-7.324
-1.059,0.457,0.701,76.599,-19.470,-1.160
-1.013,0.459,0.647,78.918,-15.869,5.493
-0.998,0.437,0.583,77.515,-12.024,14.526
-0.993,0.395,0.518,72.510,-8.606,27.100
-0.958,0.370,0.477,62.927,-5.432,39.551
-0.899,0.337,0.427,52.002,-4.822,52.124
-0.817,0.296,0.366,37.781,-6.226,64.880
-0.736,0.238,0.330,22.217,-7.263,75.562
-0.681,0.146,0.252,10.986,-8.484,83.069
-0.646,0.070,0.146,2.808,-10.132,87.158
-0.605,0.072,0.021,-1.831,-8.545,87.341
-0.592,0.072,-0.043,-2.747,-3.052,87.585
-0.559,0.048,-0.074,-3.906,6.714,88.135
-0.511,0.026,-0.059,-4.395,18.250,88.562
-0.438,0.015,-0.041,-4.761,28.381,88.318
-0.365,0.014,-0.034,-8.911,35.339,87.097
-0.312,0.036,-0.014,-17.273,41.016,86.243
-0.253,0.081,-0.010,-26.855,45.593,85.327
-0.207,0.140,-0.012,-34.241,48.889,83.435
-0.141,0.192,0.011,-38.391,54.260,82.275
-0.042,0.235,0.008,-36.438,57.495,81.360
0.028,0.224,0.002,-31.006,62.317,80.872
0.081,0.230,0.031,-28.442,72.144,80.750
0.159,0.187,0.084,-25.330,83.801,81.360
0.247,0.121,0.169,-24.719,90.027,80.383
0.378,0.124,0.257,-28.503,91.309,79.041
0.464,0.144,0.344,-35.095,87.585,78.308
0.532,0.155,0.396,-49.622,79.285,80.017
0.554,0.168,0.424,-72.266,70.618,83.069
0.530,0.150,0.421,-91.980,65.552,86.060
0.523,0.116,0.344,-97.351,60.181,85.327
0.559,0.071,0.268,-91.553,58.899,80.139
0.622,0.016,0.283,-81.482,68.237,73.059
0.732,0.003,0.382,-71.777,82.275,62.927
0.825,0.076,0.586,-58.472,95.703,49.194
0.903,0.158,0.885,-37.415,103.821,35.583
0.943,0.267,1.167,-21.118,95.398,25.696
0.928,0.322,1.346,-23.499,73.608,22.827
0.866,0.343,1.387,-50.232,48.767,29.968
0.772,0.335,1.291,-93.933,23.560,41.992
0.675,0.286,1.120,-133.972,4.639,52.307
0.637,0.218,0.971,-154.358,-4.272,55.847
0.597,0.169,0.886,-158.264,-3.296,52.734
0.592,0.164,0.944,-149.597,6.165,41.504
0.612,0.182,1.150,-128.113,19.470,24.536
0.607,0.220,1.414,-106.873,25.818,6.714
0.553,0.285,1.600,-94.727,22.217,-4.822
0.469,0.339,1.662,-89.355,8.545,-11.841
0.363,0.399,1.627,-91.919,-6.104,-14.893
0.288,0.463,1.525,-98.206,-15.991,-13.794
0.283,0.468,1.406,-99.060,-19.226,-12.512
0.354,0.476,1.502,-94.482,-14.465,-12.878
0.294,0.403,1.394,-90.881,-5.188,-13.611
0.330,0.378,1.429,-92.712,8.118,-21.484
0.360,0.364,1.440,-91.431,18.433,-33.569
0.313,0.301,1.718,-92.407,37.109,-43.640
0.241,0.258,2.089,-88.623,40.344,-56.030
0.199,0.242,2.319,-73.608,18.921,-67.871
0.139,0.267,2.344,-60.120,-11.841,-74.097
0.066,0.362,2.188,-58.777,-42.419,-76.965
0.009,0.482,1.991,-59.021,-64.392,-78.186
-0.062,0.570,1.836,-55.298,-74.768,-76.050
-0.125,0.635,1.703,-51.270,-79.407,-73.792
-0.192,0.656,1.583,-40.466,-79.712,-72.266
-0.257,0.667,1.488,-26.489,-75.806,-71.960
-0.310,0.672,1.412,-13.489,-69.336,-73.914
-0.370,0.649,1.369,1.648,-62.378,-75.745
-0.436,0.621,1.340,13.733,-57.068,-75.439
-0.477,0.590,1.310,20.142,-53.528,-72.632
-0.498,0.551,1.275,24.475,-52.185,-68.542
-0.499,0.517,1.218,27.649,-53.040,-64.331
-0.503,0.497,1.133,27.893,-54.810,-59.326
-0.507,0.473,1.043,25.696,-55.481,-54.077
-0.511,0.433,0.960,23.682,-54.321,-50.110
-0.504,0.384,0.876,21.851,-51.270,-47.119
-0.512,0.343,0.788,21.484,-46.997,-45.837
-0.513,0.328,0.696,23.865,-40.955,-47.302
-0.538,0.361,0.626,30.579,-33.203,-49.316
-0.539,0.380,0.607,41.504,-23.926,-49.988
-0.521,0.382,0.628,50.293,-14.526,-49.255
-0.496,0.385,0.682,51.636,-6.836,-46.387
-0.455,0.407,0.733,48.523,-4.089,-42.358
-0.430,0.403,0.756,44.128,-5.798,-36.499
-0.410,0.388,0.735,37.537,-10.254,-29.785
-0.404,0.365,0.696,30.457,-14.648,-23.621
-0.399,0.345,0.630,23.804,-17.517,-18.616
-0.392,0.344,0.567,18.188,-18.433,-14.221
-0.381,0.349,0.549,14.954,-16.174,-10.864
-0.354,0.364,0.583,12.268,-10.925,-8.301
-0.333,0.397,0.631,10.742,-6.104,-5.554
-0.303,0.398,0.670,13.000,-3.601,-2.686
-0.271,0.385,0.714,11.841,-1.282,0.122
-0.244,0.370,0.773,7.690,-0.122,2.869
-0.226,0.339,0.822,4.456,-0.671,5.127
-0.198,0.308,0.837,2.625,-3.662,6.409
-0.200,0.286,0.839,1.343,-8.301,8.057
-0.203,0.290,0.806,-1.892,-13.000,8.728
-0.215,0.300,0.756,-5.798,-15.991,9.827
-0.210,0.298,0.734,-8.789,-14.832,10.498
-0.199,0.295,0.747,-9.888,-10.498,10.376
-0.180,0.297,0.775,-8.179,-5.249,8.850
-0.165,0.325,0.813,-4.578,-0.061,5.676
-0.151,0.355,0.864,-0.610,5.310,2.808
-0.137,0.384,0.917,1.709,8.606,1.587
-0.134,0.391,0.965,2.014,9.705,1.892
-0.116,0.374,1.001,2.197,8.301,1.709
-0.096,0.360,1.022,2.136,5.188,2.014
-0.104,0.349,1.010,0.610,0.244,3.174
-0.109,0.343,0.967,-1.221,-4.456,4.761
-0.131,0.339,0.912,-1.831,-7.507,5.920
-0.144,0.340,0.881,-2.380,-7.629,6.348
-0.150,0.334,0.872,-2.014,-5.676,6.348
-0.145,0.330,0.869,-1.099,-2.930,5.798
-0.128,0.329,0.885,-0.183,0.671,4.700
-0.117,0.359,0.935,1.282,4.944,2.991

-1.023,0.710,1.402,78.735,-70.801,-41.992
-1.037,0.661,1.345,89.539,-74.219,-23.621
-0.995,0.574,1.186,92.163,-81.177,-6.531
-0.959,0.505,1.020,87.585,-85.449,6.226
-0.971,0.492,0.905,78.186,-85.754,14.038
-1.001,0.462,0.802,70.313,-83.191,17.456
-1.051,0.416,0.709,69.397,-76.721,18.250
-1.121,0.380,0.623,75.378,-65.674,13.916
-1.157,0.359,0.510,88.989,-50.049,4.395
-1.133,0.443,0.407,107.910,-30.701,-7.812
-1.086,0.630,0.352,135.498,-11.292,-18.005
-1.071,0.733,0.354,167.603,1.404,-15.259
-1.002,0.738,0.336,182.129,7.812,-1.221
-0.911,0.700,0.294,169.678,9.399,17.517
-0.843,0.647,0.268,140.808,8.972,40.100
-0.818,0.573,0.229,105.164,6.287,62.927
-0.774,0.493,0.177,69.519,5.005,83.435
-0.719,0.398,0.118,42.603,5.371,98.389
-0.655,0.284,0.070,26.245,8.179,105.652
-0.586,0.182,0.026,19.348,14.709,106.628
-0.542,0.117,-0.053,20.264,20.264,104.248
-0.500,0.119,-0.134,22.705,25.024,99.609
-0.438,0.179,-0.194,23.743,32.410,95.215
-0.383,0.219,-0.240,25.269,41.870,95.215
-0.319,0.219,-0.240,23.621,52.368,100.037
-0.231,0.176,-0.210,17.151,65.613,105.408
-0.140,0.120,-0.153,7.996,78.552,108.704
-0.070,0.099,-0.070,2.380,87.402,109.924
0.045,0.074,0.025,1.099,91.797,106.750
0.124,0.028,0.095,-4.028,94.971,102.417
0.192,0.005,0.096,-17.212,95.276,99.243
0.249,0.024,0.105,-25.757,97.778,94.666
0.305,0.042,0.143,-23.010,102.539,88.013
0.356,0.077,0.198,-17.212,106.140,81.604
0.398,0.126,0.275,-13.672,109.009,78.003
0.450,0.150,0.364,-12.756,107.178,77.881
0.488,0.152,0.443,-18.799,99.609,82.092
0.508,0.123,0.516,-33.691,91.492,89.355
0.507,0.049,0.549,-51.025,84.534,96.863
0.516,-0.013,0.536,-65.552,76.477,100.586
0.536,-0.048,0.520,-70.435,72.266,98.511
0.554,-0.050,0.534,-66.772,72.510,91.431
0.583,-0.018,0.586,-59.570,76.477,82.581
0.626,0.014,0.663,-49.744,81.055,74.402
0.665,0.025,0.788,-40.649,82.520,67.017
0.705,-0.006,0.926,-36.377,80.505,60.791
0.710,-0.025,1.017,-42.786,72.632,57.861
0.692,-0.030,1.051,-56.885,59.875,57.556
0.693,-0.025,1.061,-72.937,46.143,58.899
0.666,-0.044,1.042,-86.365,35.339,61.096
0.630,-0.083,1.009,-95.093,26.367,62.256
0.609,-0.067,0.990,-100.586,19.592,58.167
0.608,-0.043,1.020,-102.295,16.724,50.964
0.633,-0.010,1.110,-99.915,17.029,41.016
0.634,-0.015,1.226,-94.421,15.503,29.236
0.629,0.022,1.330,-90.271,11.353,18.066
0.607,0.076,1.377,-87.463,3.418,7.812
0.548,0.120,1.362,-87.463,-7.568,0.854
0.467,0.184,1.299,-94.604,-18.005,-1.343
0.374,0.201,1.234,-101.868,-25.208,-1.709
0.301,0.193,1.158,-107.178,-29.724,-2.380
0.224,0.218,1.073,-113.708,-32.043,-4.456
0.174,0.237,1.001,-119.080,-28.015,-8.057
0.169,0.216,1.057,-120.117,-17.456,-13.123
0.182,0.273,1.049,-112.915,-8.789,-22.217
0.160,0.331,1.307,-101.990,1.404,-31.677
0.208,0.421,1.351,-89.844,3.235,-42.847
0.183,0.401,1.402,-80.200,7.385,-48.279
0.201,0.349,1.570,-78.491,10.620,-52.368
0.147,0.290,1.729,-76.172,0.916,-57.068
0.110,0.276,1.703,-73.853,-19.836,-60.608
0.065,0.268,1.531,-70.435,-38.818,-62.744
-0.004,0.260,1.478,-68.909,-46.570,-64.575
-0.056,0.319,1.471,-69.885,-46.997,-69.641
-0.047,0.313,1.488,-67.810,-46.021,-74.280
-0.065,0.346,1.560,-61.768,-44.006,-80.688
-0.077,0.402,1.646,-50.659,-43.823,-89.661
-0.109,0.438,1.678,-37.720,-48.828,-97.534
-0.204,0.475,1.639,-28.076,-57.129,-103.210
-0.284,0.547,1.531,-19.348,-64.697,-107.300
-0.367,0.591,1.416,-13.123,-69.214,-108.398
-0.424,0.639,1.360,-9.949,-68.787,-105.774
-0.490,0.688,1.315,-6.775,-67.932,-100.891
-0.531,0.729,1.244,-4.028,-68.359,-95.581
-0.587,0.789,1.164,-1.404,-68.054,-88.867
-0.626,0.808,1.073,6.165,-67.871,-82.581
-0.648,0.796,0.994,14.221,-65.613,-75.134
-0.662,0.793,0.914,17.639,-59.998,-66.711
-0.682,0.788,0.840,19.653,-53.223,-58.350
-0.672,0.752,0.783,25.940,-46.021,-50.476
-0.633,0.681,0.780,31.494,-37.537,-42.725
-0.607,0.600,0.808,32.654,-29.541,-35.645
-0.560,0.568,0.826,30.212,-23.865,-29.663
-0.545,0.531,0.815,30.334,-23.987,-23.560
-0.527,0.484,0.754,32.471,-27.466,-17.334
-0.517,0.434,0.665,28.748,-28.809,-11.414
-0.490,0.416,0.608,21.362,-25.574,-5.981
-0.467,0.381,0.611,17.639,-20.447,-2.380
-0.425,0.346,0.613,19.836,-16.418,-0.427
-0.380,0.343,0.619,20.874,-11.719,0.122
-0.347,0.346,0.661,21.362,-6.165,0.122
-0.309,0.366,0.715,22.278,-2.197,0.305
-0.284,0.379,0.761,21.729,-0.366,1.282
-0.260,0.383,0.792,19.714,-0.793,3.235
-0.246,0.383,0.808,16.357,-2.563,5.371
-0.239,0.380,0.802,12.207,-5.310,8.118
-0.233,0.374,0.776,8.545,-7.935,10.559
-0.230,0.365,0.757,5.005,-9.033,12.512
-0.225,0.352,0.749,2.502,-8.545,13.794
-0.213,0.338,0.736,1.526,-6.958,14.221
-0.202,0.334,0.728,1.709,-4.211,13.855
-0.188,0.338,0.740,2.869,-0.488,12.573
-0.173,0.336,0.772,4.639,4.211,10.986
-0.156,0.345,0.809,5.676,7.751,9.277
-0.133,0.375,0.862,5.920,9.827,8.118
-0.117,0.375,0.930,5.920,10.986,7.690
-0.102,0.361,0.973,5.615,9.583,7.385
-0.102,0.343,0.975,4.761,5.554,7.080
-0.109,0.347,0.954,2.686,0.977,6.836

0.331,0.449,1.685,-67.810,-10.620,-52.002
0.301,0.452,1.661,-63.416,-19.226,-56.030
0.262,0.442,1.661,-65.125,-25.574,-59.570
0.259,0.500,1.626,-64.819,-32.898,-63.293
0.178,0.497,1.596,-57.007,-39.917,-63.599
0.153,0.506,1.574,-50.232,-45.166,-67.749
0.088,0.524,1.508,-43.640,-50.415,-73.059
0.011,0.549,1.440,-36.316,-55.542,-76.721
-0.056,0.562,1.392,-30.945,-55.786,-79.956
-0.125,0.554,1.367,-24.658,-53.772,-81.482
-0.166,0.545,1.354,-19.592,-51.331,-83.008
-0.195,0.526,1.358,-15.320,-50.171,-84.473
-0.213,0.516,1.353,-10.254,-51.331,-84.900
-0.227,0.500,1.316,-4.822,-54.993,-84.778
-0.247,0.504,1.240,0.427,-59.143,-83.557
-0.302,0.529,1.157,3.174,-62.134,-81.299
-0.366,0.546,1.037,6.042,-63.721,-78.430
-0.424,0.540,0.937,11.963,-61.707,-76.050
-0.455,0.531,0.893,15.869,-55.237,-73.853
-0.465,0.532,0.897,19.958,-46.997,-72.876
-0.455,0.530,0.930,26.855,-38.696,-71.899
-0.442,0.540,0.984,33.142,-32.654,-70.435
-0.432,0.554,1.014,35.950,-31.006,-67.688
-0.434,0.568,0.996,36.255,-34.119,-62.988
-0.442,0.574,0.932,35.767,-38.818,-56.335
-0.451,0.554,0.864,34.363,-42.358,-48.889
-0.467,0.529,0.795,32.471,-44.067,-41.870
-0.486,0.528,0.722,30.701,-44.434,-35.461
-0.514,0.530,0.642,29.907,-43.030,-29.175
-0.524,0.513,0.568,27.222,-39.124,-22.217
-0.509,0.478,0.526,24.719,-32.349,-15.320
-0.474,0.444,0.554,22.400,-22.827,-10.315
-0.432,0.423,0.638,20.325,-11.719,-5.798
-0.379,0.401,0.724,22.034,-5.493,-4.578
-0.328,0.378,0.778,24.780,-4.211,-3.296
-0.298,0.360,0.818,23.132,-4.639,-1.709
-0.280,0.343,0.822,21.362,-7.080,-0.427
-0.271,0.348,0.789,18.677,-10.986,1.221
-0.271,0.348,0.749,13.794,-13.733,4.578
-0.250,0.332,0.734,8.606,-14.465,8.118
-0.244,0.301,0.706,4.761,-13.733,10.925
-0.221,0.301,0.677,2.441,-11.963,12.512
-0.203,0.307,0.706,1.709,-7.080,12.573
-0.178,0.308,0.757,1.953,-2.014,12.268
-0.143,0.306,0.809,2.502,1.526,12.024
-0.118,0.307,0.870,2.380,3.906,11.230
-0.098,0.304,0.931,3.113,4.639,10.315
-0.084,0.301,0.962,3.235,2.686,9.583
-0.081,0.307,0.966,0.977,-1.160,9.338
-0.088,0.309,0.944,-1.770,-5.310,10.132
-0.096,0.311,0.901,-4.456,-8.911,10.864
-0.106,0.310,0.866,-6.653,-10.132,10.925
-0.107,0.315,0.843,-6.897,-8.423,10.010
-0.104,0.330,0.829,-4.822,-5.188,8.545
-0.096,0.341,0.845,-1.282,-0.366,6.653
-0.081,0.351,0.896,1.648,5.615,4.761
-0.068,0.363,0.957,2.808,9.460,3.296
-0.058,0.370,1.001,3.601,10.193,2.502
-0.061,0.382,1.015,4.517,7.996,2.197
-0.062,0.390,1.009,4.639,5.066,2.625
-0.067,0.393,1.020,2.502,2.075,4.028
-0.071,0.382,1.011,-0.671,-1.648,6.226
-0.076,0.366,0.978,-3.235,-5.127,7.935
-0.084,0.354,0.939,-4.272,-7.019,8.423
-0.088,0.347,0.916,-3.845,-6.653,7.446
-0.088,0.351,0.915,-2.197,-4.456,5.371
-0.090,0.360,0.929,0.793,-1.892,2.930
-0.091,0.370,0.947,3.113,-0.122,1.282
-0.095,0.386,0.957,3.845,0.366,0.549
-0.101,0.397,0.964,3.418,-0.305,0.854
-0.107,0.391,0.956,2.258,-1.587,1.770
-0.114,0.382,0.930,1.282,-2.930,2.808
-0.124,0.374,0.901,0.549,-3.723,3.662
-0.128,0.361,0.890,0.061,-3.479,3.845
-0.133,0.353,0.875,-0.916,-2.686,4.028
-0.128,0.340,0.867,-0.183,-1.282,3.601
-0.122,0.335,0.868,1.587,1.282,2.014
-0.112,0.347,0.884,4.028,4.333,0.427
-0.104,0.365,0.913,6.287,6.897,-0.916
-0.096,0.383,0.948,7.141,8.240,-1.343
-0.091,0.386,0.974,6.958,7.446,-0.427
-0.089,0.377,0.975,5.859,4.700,1.099
-0.093,0.358,0.963,3.845,1.221,2.991
-0.098,0.336,0.940,2.136,-1.709,4.272
-0.104,0.320,0.914,1.526,-3.601,4.639
-0.112,0.307,0.893,1.465,-4.456,4.150
-0.121,0.302,0.875,1.831,-4.272,2.747
-0.125,0.308,0.852,2.563,-3.601,1.404
-0.128,0.319,0.849,2.625,-1.648,0.061
-0.124,0.332,0.868,3.357,0.977,-0.671
-0.113,0.341,0.896,3.967,3.235,-1.160
-0.100,0.350,0.932,4.028,4.272,-1.099
-0.097,0.356,0.962,3.357,3.357,-0.549
-0.095,0.350,0.964,2.869,0.854,0.305
-0.099,0.341,0.948,1.343,-1.953,1.343
-0.108,0.330,0.929,-0.122,-4.028,2.075
-0.114,0.333,0.917,-0.671,-5.005,2.258
-0.126,0.329,0.900,-1.343,-5.798,2.808
-0.129,0.324,0.885,-2.747,-6.470,3.113
-0.135,0.322,0.873,-2.686,-5.737,2.625
-0.138,0.327,0.861,-2.197,-4.639,1.831
-0.136,0.333,0.864,-1.099,-2.441,0.671
-0.129,0.344,0.880,0.793,-0.244,-0.366
-0.120,0.361,0.918,2.014,2.380,-1.343
-0.110,0.371,0.958,2.930,3.235,-1.343
-0.106,0.367,0.986,2.502,1.770,-0.916
-0.107,0.363,0.988,1.099,-1.221,-0.244
-0.115,0.357,0.965,0.000,-4.272,0.305
-0.129,0.350,0.929,-0.427,-6.653,0.610
-0.140,0.340,0.895,-0.366,-7.263,0.488
-0.150,0.348,0.878,-0.183,-6.531,0.183
-0.156,0.352,0.871,0.061,-5.310,0.122
-0.159,0.356,0.864,0.000,-3.967,0.305
-0.154,0.356,0.871,0.916,-1.770,0.366
-0.151,0.362,0.895,1.526,0.610,0.183
-0.143,0.370,0.924,1.953,1.953,0.244
-0.133,0.377,0.949,1.709,1.831,0.732
-0.131,0.373,0.962,1.038,0.610,1.709
-0.130,0.360,0.952,0.244,-1.160,2.686

-1.140,0.889,0.530,100.037,-77.820,-24.475
-1.163,0.895,0.488,91.431,-67.322,-5.554
-1.161,0.802,0.480,70.374,-53.467,17.334
-1.120,0.660,0.459,49.316,-41.870,39.307
-1.079,0.513,0.467,33.936,-33.508,55.786
-0.996,0.386,0.486,22.156,-26.611,67.200
-0.866,0.284,0.457,14.465,-22.888,71.960
-0.813,0.236,0.379,15.320,-23.437,71.655
-0.783,0.317,0.273,20.630,-24.170,65.857
-0.785,0.488,0.153,25.513,-23.987,58.105
-0.799,0.639,0.044,30.579,-20.447,56.763
-0.790,0.704,-0.063,32.776,-13.550,61.707
-0.760,0.687,-0.130,30.518,-2.625,71.350
-0.693,0.599,-0.111,28.687,14.160,82.275
-0.606,0.460,-0.096,28.687,30.334,90.942
-0.513,0.337,-0.100,27.100,41.992,96.436
-0.409,0.260,-0.094,23.560,52.551,98.694
-0.317,0.202,-0.089,20.569,62.256,97.107
-0.242,0.165,-0.069,17.944,70.313,94.177
-0.166,0.168,-0.062,17.639,77.026,89.783
-0.074,0.192,-0.025,18.982,86.548,85.205
0.026,0.238,0.055,21.057,99.060,82.581
0.126,0.236,0.195,26.245,112.244,83.801
0.214,0.179,0.339,33.264,118.652,88.196
0.288,0.129,0.398,33.325,116.577,89.844
0.356,0.048,0.448,23.010,113.220,92.651
0.381,-0.038,0.457,3.357,107.788,96.558
0.384,-0.075,0.390,-19.958,98.511,100.159
0.423,-0.064,0.317,-35.767,93.079,100.281
0.494,-0.060,0.354,-38.635,96.436,95.825
0.546,-0.049,0.462,-31.677,103.638,90.271
0.551,-0.082,0.598,-23.254,108.032,84.534
0.549,-0.096,0.730,-22.583,108.093,78.003
0.545,-0.089,0.808,-27.161,100.098,73.669
0.521,-0.084,0.802,-35.828,87.036,73.547
0.494,-0.084,0.746,-47.729,73.853,75.989
0.492,-0.069,0.662,-58.228,63.660,76.965
0.506,-0.040,0.605,-65.796,59.021,75.684
0.533,0.003,0.629,-70.435,62.500,72.144
0.583,0.004,0.722,-72.632,69.153,66.040
0.559,0.015,0.840,-71.533,73.059,59.326
0.524,0.007,0.950,-72.327,72.083,53.955
0.475,-0.006,0.988,-76.111,66.528,50.476
0.430,-0.015,0.954,-82.581,58.472,49.194
0.429,-0.051,0.916,-91.553,51.575,48.950
0.470,-0.088,0.909,-103.088,47.485,48.462
0.505,-0.102,0.948,-112.976,46.204,45.105
0.541,-0.072,1.000,-115.845,45.654,36.682
0.576,0.001,1.074,-108.948,44.006,23.621
0.588,0.062,1.192,-95.520,42.908,8.057
0.531,0.130,1.296,-83.801,39.917,-5.066
0.450,0.194,1.353,-78.369,34.241,-14.160
0.359,0.262,1.340,-80.750,29.236,-18.494
0.302,0.299,1.299,-86.853,27.344,-18.616
0.297,0.303,1.303,-93.750,28.076,-16.541
0.310,0.267,1.319,-102.966,30.334,-14.404
0.431,0.268,1.541,-112.366,32.532,-14.832
0.433,0.226,1.431,-114.197,27.893,-18.005
0.443,0.262,1.603,-111.816,29.541,-24.231
0.480,0.273,1.577,-100.769,20.569,-34.912
0.447,0.248,1.542,-89.294,20.142,-44.312
0.382,0.298,1.746,-80.139,22.278,-54.810
0.258,0.377,1.839,-67.627,5.371,-63.049
0.214,0.493,1.776,-59.265,-16.235,-65.002
0.156,0.495,1.656,-54.871,-33.447,-57.434
0.115,0.451,1.531,-57.678,-41.443,-49.316
0.082,0.404,1.484,-63.904,-39.429,-44.678
0.046,0.391,1.486,-67.993,-35.583,-44.495
0.036,0.372,1.485,-67.505,-33.691,-49.500
0.048,0.350,1.506,-60.974,-32.349,-57.922
0.028,0.340,1.544,-46.997,-32.532,-67.261
0.007,0.349,1.555,-28.809,-36.133,-77.515
-0.050,0.379,1.531,-12.024,-43.091,-87.219
-0.108,0.455,1.475,-0.549,-51.575,-93.079
-0.178,0.534,1.401,4.028,-60.425,-92.102
-0.253,0.565,1.320,2.930,-68.542,-86.487
-0.299,0.559,1.232,0.916,-74.646,-78.613
-0.325,0.524,1.129,-1.770,-78.674,-71.106
-0.351,0.491,1.046,-6.165,-78.491,-65.002
-0.388,0.466,0.970,-5.127,-74.585,-61.890
-0.421,0.468,0.901,2.686,-68.237,-63.599
-0.458,0.507,0.861,15.808,-59.570,-68.115
-0.482,0.547,0.841,31.555,-50.110,-71.472
-0.492,0.573,0.826,42.603,-42.297,-70.984
-0.495,0.604,0.862,47.119,-35.278,-66.772
-0.484,0.619,0.915,48.645,-31.189,-59.204
-0.471,0.601,0.922,45.288,-33.508,-49.072
-0.470,0.562,0.863,34.973,-39.673,-37.231
-0.466,0.510,0.762,24.658,-45.044,-25.940
-0.452,0.442,0.703,19.531,-44.861,-17.578
-0.427,0.367,0.676,17.395,-40.100,-12.817
-0.398,0.325,0.660,16.235,-34.973,-10.742
-0.372,0.310,0.651,17.761,-29.297,-9.827
-0.351,0.309,0.665,20.935,-23.254,-9.277
-0.326,0.315,0.703,22.400,-17.639,-8.606
-0.292,0.318,0.739,21.179,-13.977,-6.958
-0.263,0.327,0.767,18.311,-12.756,-4.517
-0.241,0.328,0.784,14.893,-13.306,-1.831
-0.228,0.322,0.783,11.169,-14.587,0.427
-0.217,0.314,0.772,7.874,-15.747,2.686
-0.213,0.301,0.756,4.700,-15.869,4.517
-0.206,0.293,0.746,1.465,-14.771,6.165
-0.199,0.275,0.731,-1.099,-13.123,7.629
-0.186,0.261,0.728,-4.272,-11.108,8.484
-0.172,0.246,0.734,-6.348,-8.179,8.545
-0.152,0.256,0.754,-6.714,-4.395,7.202
-0.138,0.269,0.787,-6.042,-0.488,5.371
-0.126,0.283,0.811,-5.127,3.174,3.662
-0.114,0.300,0.853,-3.967,6.348,2.563
-0.099,0.315,0.904,-3.601,8.789,1.709
-0.094,0.342,0.934,-4.333,8.789,1.770
-0.090,0.367,0.962,-4.761,7.629,2.686
-0.092,0.366,0.969,-6.287,5.615,3.906
-0.087,0.372,0.982,-8.789,3.723,5.432
-0.082,0.369,0.984,-8.789,1.587,6.531
-0.078,0.361,0.979,-8.240,0.244,6.836
-0.078,0.341,0.973,-5.981,0.061,6.287
-0.077,0.336,0.964,-3.357,0.366,4.150
-0.081,0.340,0.969,-1.038,1.709,1.831

-0.867,0.618,1.082,61.707,-75.256,-32.593
-0.881,0.628,0.966,58.655,-79.773,-18.677
-0.958,0.570,0.823,54.199,-80.872,-2.258
-1.050,0.501,0.693,48.828,-74.463,11.230
-1.115,0.470,0.576,46.326,-61.523,17.578
-1.155,0.436,0.494,51.270,-44.250,18.250
-1.170,0.440,0.438,60.242,-23.254,16.968
-1.098,0.466,0.451,72.998,-2.441,13.916
-0.988,0.512,0.528,87.219,15.198,9.338
-0.923,0.565,0.613,94.482,26.062,11.230
-0.906,0.602,0.670,91.370,27.710,17.883
-0.904,0.605,0.661,81.238,23.560,28.198
-0.913,0.601,0.584,69.702,16.541,41.138
-0.878,0.563,0.515,60.669,11.414,53.589
-0.821,0.513,0.479,54.626,10.681,61.707
-0.755,0.447,0.445,50.903,12.329,66.345
-0.698,0.410,0.365,51.086,12.268,69.519
-0.633,0.395,0.286,53.467,11.963,71.472
-0.568,0.355,0.207,56.030,13.611,74.219
-0.518,0.314,0.154,54.199,16.663,76.050
-0.475,0.291,0.151,49.622,21.790,77.881
-0.453,0.258,0.158,44.250,25.024,80.627
-0.461,0.229,0.178,33.752,26.978,84.229
-0.453,0.229,0.187,20.142,29.114,88.928
-0.420,0.237,0.138,5.920,30.334,94.421
-0.382,0.222,0.059,-3.479,32.166,98.145
-0.326,0.200,0.017,-6.104,39.246,99.426
-0.257,0.188,-0.012,-3.723,49.438,97.839
-0.180,0.189,-0.003,1.221,60.669,93.628
-0.123,0.183,0.034,9.460,71.960,88.867
-0.055,0.202,0.059,15.991,79.651,86.060
-0.002,0.221,0.093,21.057,86.121,85.693
0.041,0.251,0.204,20.813,93.079,87.585
0.166,0.267,0.315,17.822,96.130,90.637
0.272,0.246,0.401,11.169,91.492,94.360
0.371,0.208,0.454,-1.648,86.487,99.548
0.423,0.159,0.484,-17.883,84.290,104.248
0.422,0.090,0.501,-32.349,81.726,107.422
0.427,0.052,0.482,-41.077,76.782,106.995
0.443,0.016,0.429,-42.480,70.313,103.699
0.449,0.006,0.382,-41.992,65.735,99.792
0.447,0.023,0.406,-45.593,67.932,96.252
0.479,0.060,0.466,-50.110,74.097,93.750
0.510,0.090,0.533,-49.622,76.233,93.811
0.545,0.086,0.603,-44.739,73.608,94.910
0.593,0.056,0.673,-44.739,68.237,95.703
0.622,0.018,0.741,-54.810,61.218,96.313
0.621,-0.004,0.771,-70.984,53.528,96.252
0.586,-0.020,0.726,-85.083,45.227,94.727
0.550,-0.027,0.667,-93.262,41.077,89.905
0.553,-0.020,0.655,-95.276,45.349,82.947
0.558,-0.011,0.707,-92.957,52.185,73.730
0.587,0.022,0.813,-89.050,58.472,62.744
0.630,0.077,0.930,-84.351,61.401,52.856
0.647,0.103,1.040,-80.200,57.678,45.288
0.625,0.102,1.143,-81.543,48.462,40.222
0.584,0.119,1.196,-95.093,36.011,37.964
0.503,0.115,1.154,-115.540,22.095,38.757
0.417,0.088,1.055,-133.972,12.390,40.100
0.358,0.049,0.975,-141.602,11.414,37.903
0.342,0.022,0.957,-139.648,18.188,30.518
0.356,0.056,1.015,-132.202,28.870,18.433
0.407,0.117,1.130,-118.774,37.659,4.028
0.483,0.219,1.261,-106.567,42.236,-9.949
0.535,0.315,1.441,-98.022,43.152,-23.499
0.541,0.372,1.638,-94.727,40.894,-34.485
0.543,0.385,1.853,-96.375,31.982,-42.297
0.393,0.423,1.788,-102.600,11.658,-46.021
0.225,0.521,1.813,-112.305,-4.578,-43.518
0.152,0.567,1.449,-116.394,-23.315,-38.696
0.142,0.531,1.379,-122.620,-11.780,-30.762
0.153,0.459,1.560,-123.169,7.202,-30.273
0.195,0.362,1.776,-106.323,16.907,-40.466
0.340,0.382,1.892,-77.148,18.616,-60.730
0.379,0.384,2.002,-49.133,17.761,-78.125
0.392,0.411,2.059,-32.715,11.169,-95.032
0.349,0.492,2.136,-21.667,0.122,-106.750
0.265,0.561,2.153,-14.404,-17.639,-112.427
0.143,0.634,2.094,-17.883,-43.396,-110.596
0.022,0.661,1.929,-22.827,-70.313,-103.333
-0.056,0.674,1.728,-24.597,-91.675,-94.238
-0.178,0.663,1.508,-26.001,-105.408,-82.764
-0.237,0.631,1.294,-26.184,-110.718,-75.012
-0.323,0.602,1.131,-23.926,-105.774,-69.397
-0.387,0.556,1.034,-14.282,-94.666,-69.458
-0.447,0.507,0.976,5.432,-82.642,-75.012
-0.487,0.494,0.933,27.344,-73.120,-83.130
-0.511,0.504,0.934,44.189,-65.491,-89.783
-0.537,0.542,0.964,49.438,-60.425,-90.210
-0.565,0.579,0.961,45.776,-61.340,-85.205
-0.575,0.595,0.911,39.795,-65.613,-76.660
-0.577,0.583,0.845,34.485,-69.397,-67.139
-0.601,0.559,0.751,30.640,-70.679,-58.044
-0.596,0.526,0.669,29.419,-67.749,-51.086
-0.581,0.510,0.631,27.954,-59.143,-45.715
-0.591,0.521,0.616,26.917,-49.194,-41.687
-0.579,0.501,0.607,36.499,-42.847,-39.368
-0.558,0.481,0.612,45.410,-36.682,-36.865
-0.536,0.499,0.631,46.204,-31.006,-33.081
-0.526,0.514,0.657,44.434,-27.771,-27.649
-0.493,0.518,0.672,39.001,-26.489,-19.958
-0.459,0.496,0.672,29.663,-27.649,-10.376
-0.419,0.443,0.658,20.447,-28.687,-1.465
-0.374,0.377,0.648,15.259,-26.489,4.028
-0.336,0.337,0.675,13.550,-22.522,5.676
-0.290,0.340,0.696,14.648,-19.409,5.066
-0.281,0.331,0.697,17.578,-18.555,4.944
-0.255,0.340,0.704,16.724,-17.334,4.456
-0.244,0.349,0.731,13.977,-15.747,4.761
-0.243,0.367,0.731,13.245,-15.869,5.859
-0.239,0.380,0.717,12.390,-16.479,8.057
-0.232,0.362,0.719,8.972,-15.320,11.292
-0.218,0.334,0.734,4.700,-12.878,14.160
-0.205,0.313,0.748,2.075,-10.681,15.442
-0.192,0.301,0.759,1.343,-7.935,15.137
-0.176,0.293,0.776,1.038,-5.066,14.038
-0.161,0.290,0.802,0.732,-2.380,12.329
-0.144,0.294,0.824,0.305,-0.488,10.132
-0.131,0.292,0.860,0.366,1.343,7.751
